ISO-10303-21;
HEADER;
FILE_DESCRIPTION(('STEP AP242'),'1');
FILE_NAME('0528070410.stp','2025-02-03T00:51:19',('TraceParts'),('TraceParts S.A.'),'Spatial InterOp 3D',' ',' ');
FILE_SCHEMA(('AP242_MANAGED_MODEL_BASED_3D_ENGINEERING_MIM_LF  {1 0 10303 442 1 1 4}'));
ENDSEC;
DATA;
#1=PRODUCT_DEFINITION_CONTEXT('',#14,'design');
#2=APPLICATION_PROTOCOL_DEFINITION('INTERNATIONAL STANDARD','ap242_managed_model_based_3d_engineering',2014,#14);
#3=PRODUCT_CATEGORY_RELATIONSHIP('NONE','NONE',#15,#16);
#4=SHAPE_DEFINITION_REPRESENTATION(#17,#18);
#5=SHAPE_DEFINITION_REPRESENTATION(#17,#19);
#6=SHAPE_DEFINITION_REPRESENTATION(#17,#20);
#7=SHAPE_DEFINITION_REPRESENTATION(#17,#21);
#8=SHAPE_DEFINITION_REPRESENTATION(#17,#22);
#9=SHAPE_DEFINITION_REPRESENTATION(#17,#23);
#10= (GEOMETRIC_REPRESENTATION_CONTEXT(3)GLOBAL_UNCERTAINTY_ASSIGNED_CONTEXT((#26))GLOBAL_UNIT_ASSIGNED_CONTEXT((#28,#29,#30))REPRESENTATION_CONTEXT('NONE','WORKSPACE'));
#14=APPLICATION_CONTEXT('managed model based 3d engineering');
#15=PRODUCT_CATEGORY('part','NONE');
#16=PRODUCT_RELATED_PRODUCT_CATEGORY('detail',' ',(#32));
#17=PRODUCT_DEFINITION_SHAPE('NONE','NONE',#33);
#18=ADVANCED_BREP_SHAPE_REPRESENTATION('0528070410_1',(#34,#35),#10);
#19=GEOMETRICALLY_BOUNDED_WIREFRAME_SHAPE_REPRESENTATION('0528070410_10',(#36,#37),#10);
#20=GEOMETRICALLY_BOUNDED_WIREFRAME_SHAPE_REPRESENTATION('0528070410_11',(#38,#39),#10);
#21=GEOMETRICALLY_BOUNDED_WIREFRAME_SHAPE_REPRESENTATION('0528070410_12',(#40,#41),#10);
#22=GEOMETRICALLY_BOUNDED_WIREFRAME_SHAPE_REPRESENTATION('0528070410_13',(#42,#43),#10);
#23=GEOMETRICALLY_BOUNDED_SURFACE_SHAPE_REPRESENTATION('1',(#44,#45),#10);
#26=UNCERTAINTY_MEASURE_WITH_UNIT(LENGTH_MEASURE(1.0E-06),#28,'','');
#28= (CONVERSION_BASED_UNIT('MILLIMETRE',#48)LENGTH_UNIT()NAMED_UNIT(#51));
#29= (NAMED_UNIT(#53)PLANE_ANGLE_UNIT()SI_UNIT($,.RADIAN.));
#30= (NAMED_UNIT(#53)SOLID_ANGLE_UNIT()SI_UNIT($,.STERADIAN.));
#32=PRODUCT('0528070410_1','0528070410_1','PART-0528070410_1-DESC',(#59));
#33=PRODUCT_DEFINITION('','NONE',#60,#1);
#34=MANIFOLD_SOLID_BREP('0528070410_1',#61);
#35=AXIS2_PLACEMENT_3D('',#62,#63,#64);
#36=GEOMETRIC_CURVE_SET('0528070410_10',(#65));
#37=AXIS2_PLACEMENT_3D('',#66,#67,#68);
#38=GEOMETRIC_CURVE_SET('0528070410_11',(#69));
#39=AXIS2_PLACEMENT_3D('',#70,#71,#72);
#40=GEOMETRIC_CURVE_SET('0528070410_12',(#73));
#41=AXIS2_PLACEMENT_3D('',#74,#75,#76);
#42=GEOMETRIC_CURVE_SET('0528070410_13',(#77));
#43=AXIS2_PLACEMENT_3D('',#78,#79,#80);
#44=GEOMETRIC_SET('1',(#81,#82,#83,#84,#85,#86,#87,#88));
#45=AXIS2_PLACEMENT_3D('',#89,#90,#91);
#48=LENGTH_MEASURE_WITH_UNIT(LENGTH_MEASURE(1.0),#92);
#51=DIMENSIONAL_EXPONENTS(1.0,0.0,0.0,0.0,0.0,0.0,0.0);
#53=DIMENSIONAL_EXPONENTS(0.0,0.0,0.0,0.0,0.0,0.0,0.0);
#59=PRODUCT_CONTEXT('',#14,'mechanical');
#60=PRODUCT_DEFINITION_FORMATION_WITH_SPECIFIED_SOURCE(' ','NONE',#32,.NOT_KNOWN.);
#61=CLOSED_SHELL('',(#93,#94,#95,#96,#97,#98,#99,#100,#101,#102,#103,#104,#105,#106,#107,#108,#109,#110,#111,#112,#113,#114,#115,#116,#117,#118,#119,#120,#121,#122,#123,#124,#125,#126,#127,#128,#129,#130,#131,#132,#133,#134,#135,#136,#137,#138,#139,#140,#141,#142,#143,#144,#145,#146,#147,#148,#149,#150,#151,#152,#153,#154,#155,#156,#157,#158,#159,#160,#161,#162,#163,#164,#165,#166,#167,#168,#169,#170,#171,#172,#173,#174,#175,#176,#177,#178,#179,#180,#181,#182,#183,#184,#185,#186,#187,#188,#189,#190,#191,#192,#193,#194,#195,#196,#197,#198,#199,#200,#201,#202,#203,#204,#205,#206,#207,#208,#209,#210,#211,#212,#213,#214,#215,#216,#217,#218,#219,#220,#221,#222,#223,#224,#225,#226,#227,#228,#229,#230,#231,#232,#233,#234,#235,#236,#237,#238,#239,#240,#241,#242,#243,#244,#245,#246,#247,#248,#249,#250,#251,#252,#253,#254,#255,#256,#257,#258,#259,#260,#261,#262,#263,#264,#265,#266,#267));
#62=CARTESIAN_POINT('',(0.0,0.0,0.0));
#63=DIRECTION('',(0.0,0.0,1.0));
#64=DIRECTION('',(1.0,0.0,0.0));
#65=CARTESIAN_POINT('PNT0',(2.0,0.5,2.17));
#66=CARTESIAN_POINT('',(0.0,0.0,0.0));
#67=DIRECTION('',(0.0,0.0,1.0));
#68=DIRECTION('',(1.0,0.0,0.0));
#69=CARTESIAN_POINT('PNT16',(4.0,0.5,2.17));
#70=CARTESIAN_POINT('',(0.0,0.0,0.0));
#71=DIRECTION('',(0.0,0.0,1.0));
#72=DIRECTION('',(1.0,0.0,0.0));
#73=CARTESIAN_POINT('PNT15',(3.0,0.5,0.17));
#74=CARTESIAN_POINT('',(0.0,0.0,0.0));
#75=DIRECTION('',(0.0,0.0,1.0));
#76=DIRECTION('',(1.0,0.0,0.0));
#77=CARTESIAN_POINT('PNT30',(5.0,0.5,0.17));
#78=CARTESIAN_POINT('',(0.0,0.0,0.0));
#79=DIRECTION('',(0.0,0.0,1.0));
#80=DIRECTION('',(1.0,0.0,0.0));
#81=COMPOSITE_CURVE('0528070410_2',(#268),.U.);
#82=COMPOSITE_CURVE('0528070410_3',(#269),.U.);
#83=COMPOSITE_CURVE('0528070410_4',(#270),.U.);
#84=COMPOSITE_CURVE('0528070410_5',(#271),.U.);
#85=COMPOSITE_CURVE('0528070410_6',(#272),.U.);
#86=COMPOSITE_CURVE('0528070410_7',(#273),.U.);
#87=COMPOSITE_CURVE('0528070410_8',(#274),.U.);
#88=COMPOSITE_CURVE('0528070410_9',(#275),.U.);
#89=CARTESIAN_POINT('',(0.0,0.0,0.0));
#90=DIRECTION('',(0.0,0.0,1.0));
#91=DIRECTION('',(1.0,0.0,0.0));
#92= (NAMED_UNIT(#51)LENGTH_UNIT()SI_UNIT(.MILLI.,.METRE.));
#93=ADVANCED_FACE('',(#277),#278,.T.);
#94=ADVANCED_FACE('',(#279),#280,.T.);
#95=ADVANCED_FACE('',(#281),#282,.F.);
#96=ADVANCED_FACE('',(#283),#284,.T.);
#97=ADVANCED_FACE('',(#285),#286,.F.);
#98=ADVANCED_FACE('',(#287),#288,.F.);
#99=ADVANCED_FACE('',(#289),#290,.T.);
#100=ADVANCED_FACE('',(#291),#292,.F.);
#101=ADVANCED_FACE('',(#293),#294,.F.);
#102=ADVANCED_FACE('',(#295),#296,.F.);
#103=ADVANCED_FACE('',(#297),#298,.T.);
#104=ADVANCED_FACE('',(#299),#300,.T.);
#105=ADVANCED_FACE('',(#301),#302,.T.);
#106=ADVANCED_FACE('',(#303),#304,.T.);
#107=ADVANCED_FACE('',(#305,#306,#307),#308,.T.);
#108=ADVANCED_FACE('',(#309),#310,.F.);
#109=ADVANCED_FACE('',(#311),#312,.F.);
#110=ADVANCED_FACE('',(#313),#314,.F.);
#111=ADVANCED_FACE('',(#315),#316,.F.);
#112=ADVANCED_FACE('',(#317),#318,.F.);
#113=ADVANCED_FACE('',(#319),#320,.F.);
#114=ADVANCED_FACE('',(#321),#322,.F.);
#115=ADVANCED_FACE('',(#323),#324,.F.);
#116=ADVANCED_FACE('',(#325),#326,.F.);
#117=ADVANCED_FACE('',(#327),#328,.F.);
#118=ADVANCED_FACE('',(#329),#330,.F.);
#119=ADVANCED_FACE('',(#331),#332,.F.);
#120=ADVANCED_FACE('',(#333),#334,.F.);
#121=ADVANCED_FACE('',(#335),#336,.F.);
#122=ADVANCED_FACE('',(#337),#338,.T.);
#123=ADVANCED_FACE('',(#339),#340,.F.);
#124=ADVANCED_FACE('',(#341),#342,.F.);
#125=ADVANCED_FACE('',(#343),#344,.T.);
#126=ADVANCED_FACE('',(#345),#346,.F.);
#127=ADVANCED_FACE('',(#347),#348,.T.);
#128=ADVANCED_FACE('',(#349),#350,.F.);
#129=ADVANCED_FACE('',(#351),#352,.F.);
#130=ADVANCED_FACE('',(#353),#354,.T.);
#131=ADVANCED_FACE('',(#355),#356,.T.);
#132=ADVANCED_FACE('',(#357),#358,.T.);
#133=ADVANCED_FACE('',(#359),#360,.T.);
#134=ADVANCED_FACE('',(#361),#362,.T.);
#135=ADVANCED_FACE('',(#363),#364,.T.);
#136=ADVANCED_FACE('',(#365),#366,.T.);
#137=ADVANCED_FACE('',(#367),#368,.T.);
#138=ADVANCED_FACE('',(#369),#370,.T.);
#139=ADVANCED_FACE('',(#371),#372,.T.);
#140=ADVANCED_FACE('',(#373),#374,.T.);
#141=ADVANCED_FACE('',(#375),#376,.T.);
#142=ADVANCED_FACE('',(#377),#378,.T.);
#143=ADVANCED_FACE('',(#379),#380,.T.);
#144=ADVANCED_FACE('',(#381),#382,.T.);
#145=ADVANCED_FACE('',(#383),#384,.T.);
#146=ADVANCED_FACE('',(#385),#386,.F.);
#147=ADVANCED_FACE('',(#387,#388),#389,.T.);
#148=ADVANCED_FACE('',(#390),#391,.T.);
#149=ADVANCED_FACE('',(#392,#393,#394),#395,.F.);
#150=ADVANCED_FACE('',(#396),#397,.F.);
#151=ADVANCED_FACE('',(#398),#399,.F.);
#152=ADVANCED_FACE('',(#400),#401,.T.);
#153=ADVANCED_FACE('',(#402),#403,.F.);
#154=ADVANCED_FACE('',(#404),#405,.F.);
#155=ADVANCED_FACE('',(#406),#407,.T.);
#156=ADVANCED_FACE('',(#408),#409,.F.);
#157=ADVANCED_FACE('',(#410),#411,.F.);
#158=ADVANCED_FACE('',(#412),#413,.T.);
#159=ADVANCED_FACE('',(#414),#415,.F.);
#160=ADVANCED_FACE('',(#416),#417,.T.);
#161=ADVANCED_FACE('',(#418),#419,.T.);
#162=ADVANCED_FACE('',(#420),#421,.T.);
#163=ADVANCED_FACE('',(#422),#423,.T.);
#164=ADVANCED_FACE('',(#424),#425,.T.);
#165=ADVANCED_FACE('',(#426),#427,.T.);
#166=ADVANCED_FACE('',(#428),#429,.T.);
#167=ADVANCED_FACE('',(#430),#431,.T.);
#168=ADVANCED_FACE('',(#432),#433,.T.);
#169=ADVANCED_FACE('',(#434),#435,.T.);
#170=ADVANCED_FACE('',(#436),#437,.T.);
#171=ADVANCED_FACE('',(#438),#439,.T.);
#172=ADVANCED_FACE('',(#440),#441,.T.);
#173=ADVANCED_FACE('',(#442),#443,.T.);
#174=ADVANCED_FACE('',(#444),#445,.T.);
#175=ADVANCED_FACE('',(#446),#447,.T.);
#176=ADVANCED_FACE('',(#448),#449,.T.);
#177=ADVANCED_FACE('',(#450),#451,.F.);
#178=ADVANCED_FACE('',(#452),#453,.T.);
#179=ADVANCED_FACE('',(#454),#455,.F.);
#180=ADVANCED_FACE('',(#456),#457,.T.);
#181=ADVANCED_FACE('',(#458),#459,.T.);
#182=ADVANCED_FACE('',(#460),#461,.T.);
#183=ADVANCED_FACE('',(#462),#463,.T.);
#184=ADVANCED_FACE('',(#464),#465,.T.);
#185=ADVANCED_FACE('',(#466),#467,.T.);
#186=ADVANCED_FACE('',(#468),#469,.T.);
#187=ADVANCED_FACE('',(#470),#471,.F.);
#188=ADVANCED_FACE('',(#472),#473,.T.);
#189=ADVANCED_FACE('',(#474),#475,.T.);
#190=ADVANCED_FACE('',(#476),#477,.T.);
#191=ADVANCED_FACE('',(#478),#479,.T.);
#192=ADVANCED_FACE('',(#480),#481,.T.);
#193=ADVANCED_FACE('',(#482),#483,.T.);
#194=ADVANCED_FACE('',(#484),#485,.T.);
#195=ADVANCED_FACE('',(#486),#487,.T.);
#196=ADVANCED_FACE('',(#488),#489,.F.);
#197=ADVANCED_FACE('',(#490),#491,.T.);
#198=ADVANCED_FACE('',(#492),#493,.F.);
#199=ADVANCED_FACE('',(#494),#495,.T.);
#200=ADVANCED_FACE('',(#496),#497,.F.);
#201=ADVANCED_FACE('',(#498),#499,.F.);
#202=ADVANCED_FACE('',(#500),#501,.F.);
#203=ADVANCED_FACE('',(#502),#503,.F.);
#204=ADVANCED_FACE('',(#504),#505,.F.);
#205=ADVANCED_FACE('',(#506),#507,.F.);
#206=ADVANCED_FACE('',(#508),#509,.T.);
#207=ADVANCED_FACE('',(#510),#511,.T.);
#208=ADVANCED_FACE('',(#512),#513,.T.);
#209=ADVANCED_FACE('',(#514),#515,.T.);
#210=ADVANCED_FACE('',(#516),#517,.T.);
#211=ADVANCED_FACE('',(#518),#519,.F.);
#212=ADVANCED_FACE('',(#520),#521,.F.);
#213=ADVANCED_FACE('',(#522),#523,.T.);
#214=ADVANCED_FACE('',(#524),#525,.F.);
#215=ADVANCED_FACE('',(#526),#527,.F.);
#216=ADVANCED_FACE('',(#528),#529,.T.);
#217=ADVANCED_FACE('',(#530),#531,.F.);
#218=ADVANCED_FACE('',(#532),#533,.T.);
#219=ADVANCED_FACE('',(#534),#535,.F.);
#220=ADVANCED_FACE('',(#536),#537,.F.);
#221=ADVANCED_FACE('',(#538),#539,.T.);
#222=ADVANCED_FACE('',(#540),#541,.T.);
#223=ADVANCED_FACE('',(#542),#543,.T.);
#224=ADVANCED_FACE('',(#544),#545,.T.);
#225=ADVANCED_FACE('',(#546),#547,.T.);
#226=ADVANCED_FACE('',(#548),#549,.T.);
#227=ADVANCED_FACE('',(#550),#551,.T.);
#228=ADVANCED_FACE('',(#552),#553,.T.);
#229=ADVANCED_FACE('',(#554),#555,.T.);
#230=ADVANCED_FACE('',(#556),#557,.T.);
#231=ADVANCED_FACE('',(#558),#559,.T.);
#232=ADVANCED_FACE('',(#560),#561,.T.);
#233=ADVANCED_FACE('',(#562),#563,.T.);
#234=ADVANCED_FACE('',(#564),#565,.T.);
#235=ADVANCED_FACE('',(#566),#567,.T.);
#236=ADVANCED_FACE('',(#568),#569,.T.);
#237=ADVANCED_FACE('',(#570),#571,.T.);
#238=ADVANCED_FACE('',(#572),#573,.T.);
#239=ADVANCED_FACE('',(#574),#575,.F.);
#240=ADVANCED_FACE('',(#576),#577,.T.);
#241=ADVANCED_FACE('',(#578),#579,.F.);
#242=ADVANCED_FACE('',(#580),#581,.F.);
#243=ADVANCED_FACE('',(#582),#583,.F.);
#244=ADVANCED_FACE('',(#584),#585,.T.);
#245=ADVANCED_FACE('',(#586),#587,.F.);
#246=ADVANCED_FACE('',(#588),#589,.F.);
#247=ADVANCED_FACE('',(#590),#591,.T.);
#248=ADVANCED_FACE('',(#592),#593,.F.);
#249=ADVANCED_FACE('',(#594),#595,.T.);
#250=ADVANCED_FACE('',(#596),#597,.T.);
#251=ADVANCED_FACE('',(#598),#599,.T.);
#252=ADVANCED_FACE('',(#600),#601,.T.);
#253=ADVANCED_FACE('',(#602),#603,.T.);
#254=ADVANCED_FACE('',(#604),#605,.T.);
#255=ADVANCED_FACE('',(#606),#607,.T.);
#256=ADVANCED_FACE('',(#608),#609,.T.);
#257=ADVANCED_FACE('',(#610),#611,.T.);
#258=ADVANCED_FACE('',(#612),#613,.T.);
#259=ADVANCED_FACE('',(#614),#615,.T.);
#260=ADVANCED_FACE('',(#616),#617,.T.);
#261=ADVANCED_FACE('',(#618),#619,.T.);
#262=ADVANCED_FACE('',(#620),#621,.T.);
#263=ADVANCED_FACE('',(#622),#623,.T.);
#264=ADVANCED_FACE('',(#624),#625,.T.);
#265=ADVANCED_FACE('',(#626),#627,.T.);
#266=ADVANCED_FACE('',(#628),#629,.F.);
#267=ADVANCED_FACE('',(#630),#631,.T.);
#268=COMPOSITE_CURVE_SEGMENT(.CONTINUOUS.,.T.,#632);
#269=COMPOSITE_CURVE_SEGMENT(.CONTINUOUS.,.T.,#633);
#270=COMPOSITE_CURVE_SEGMENT(.CONTINUOUS.,.T.,#634);
#271=COMPOSITE_CURVE_SEGMENT(.CONTINUOUS.,.T.,#635);
#272=COMPOSITE_CURVE_SEGMENT(.CONTINUOUS.,.T.,#636);
#273=COMPOSITE_CURVE_SEGMENT(.CONTINUOUS.,.T.,#637);
#274=COMPOSITE_CURVE_SEGMENT(.CONTINUOUS.,.T.,#638);
#275=COMPOSITE_CURVE_SEGMENT(.CONTINUOUS.,.T.,#639);
#277=FACE_OUTER_BOUND('',#640,.T.);
#278=CYLINDRICAL_SURFACE('',#641,0.45);
#279=FACE_OUTER_BOUND('',#642,.T.);
#280=CYLINDRICAL_SURFACE('',#643,0.45);
#281=FACE_OUTER_BOUND('',#644,.T.);
#282=CYLINDRICAL_SURFACE('',#645,0.25);
#283=FACE_OUTER_BOUND('',#646,.T.);
#284=CYLINDRICAL_SURFACE('',#647,0.45);
#285=FACE_OUTER_BOUND('',#648,.T.);
#286=CYLINDRICAL_SURFACE('',#649,0.25);
#287=FACE_OUTER_BOUND('',#650,.T.);
#288=CYLINDRICAL_SURFACE('',#651,0.25);
#289=FACE_OUTER_BOUND('',#652,.T.);
#290=CYLINDRICAL_SURFACE('',#653,0.45);
#291=FACE_OUTER_BOUND('',#654,.T.);
#292=CYLINDRICAL_SURFACE('',#655,0.25);
#293=FACE_OUTER_BOUND('',#656,.T.);
#294=PLANE('',#657);
#295=FACE_OUTER_BOUND('',#658,.T.);
#296=PLANE('',#659);
#297=FACE_OUTER_BOUND('',#660,.T.);
#298=PLANE('',#661);
#299=FACE_OUTER_BOUND('',#662,.T.);
#300=PLANE('',#663);
#301=FACE_OUTER_BOUND('',#664,.T.);
#302=PLANE('',#665);
#303=FACE_OUTER_BOUND('',#666,.T.);
#304=PLANE('',#667);
#305=FACE_OUTER_BOUND('',#668,.T.);
#306=FACE_BOUND('',#669,.T.);
#307=FACE_BOUND('',#670,.T.);
#308=PLANE('',#671);
#309=FACE_OUTER_BOUND('',#672,.T.);
#310=PLANE('',#673);
#311=FACE_OUTER_BOUND('',#674,.T.);
#312=PLANE('',#675);
#313=FACE_OUTER_BOUND('',#676,.T.);
#314=PLANE('',#677);
#315=FACE_OUTER_BOUND('',#678,.T.);
#316=PLANE('',#679);
#317=FACE_OUTER_BOUND('',#680,.T.);
#318=PLANE('',#681);
#319=FACE_OUTER_BOUND('',#682,.T.);
#320=PLANE('',#683);
#321=FACE_OUTER_BOUND('',#684,.T.);
#322=PLANE('',#685);
#323=FACE_OUTER_BOUND('',#686,.T.);
#324=PLANE('',#687);
#325=FACE_OUTER_BOUND('',#688,.T.);
#326=PLANE('',#689);
#327=FACE_OUTER_BOUND('',#690,.T.);
#328=PLANE('',#691);
#329=FACE_OUTER_BOUND('',#692,.T.);
#330=PLANE('',#693);
#331=FACE_OUTER_BOUND('',#694,.T.);
#332=PLANE('',#695);
#333=FACE_OUTER_BOUND('',#696,.T.);
#334=PLANE('',#697);
#335=FACE_OUTER_BOUND('',#698,.T.);
#336=PLANE('',#699);
#337=FACE_OUTER_BOUND('',#700,.T.);
#338=PLANE('',#701);
#339=FACE_OUTER_BOUND('',#702,.T.);
#340=PLANE('',#703);
#341=FACE_OUTER_BOUND('',#704,.T.);
#342=PLANE('',#705);
#343=FACE_OUTER_BOUND('',#706,.T.);
#344=PLANE('',#707);
#345=FACE_OUTER_BOUND('',#708,.T.);
#346=CYLINDRICAL_SURFACE('',#709,0.25);
#347=FACE_OUTER_BOUND('',#710,.T.);
#348=PLANE('',#711);
#349=FACE_OUTER_BOUND('',#712,.T.);
#350=PLANE('',#713);
#351=FACE_OUTER_BOUND('',#714,.T.);
#352=PLANE('',#715);
#353=FACE_OUTER_BOUND('',#716,.T.);
#354=PLANE('',#717);
#355=FACE_OUTER_BOUND('',#718,.T.);
#356=CYLINDRICAL_SURFACE('',#719,0.45);
#357=FACE_OUTER_BOUND('',#720,.T.);
#358=PLANE('',#721);
#359=FACE_OUTER_BOUND('',#722,.T.);
#360=PLANE('',#723);
#361=FACE_OUTER_BOUND('',#724,.T.);
#362=PLANE('',#725);
#363=FACE_OUTER_BOUND('',#726,.T.);
#364=PLANE('',#727);
#365=FACE_OUTER_BOUND('',#728,.T.);
#366=CYLINDRICAL_SURFACE('',#729,0.15);
#367=FACE_OUTER_BOUND('',#730,.T.);
#368=PLANE('',#731);
#369=FACE_OUTER_BOUND('',#732,.T.);
#370=PLANE('',#733);
#371=FACE_OUTER_BOUND('',#734,.T.);
#372=PLANE('',#735);
#373=FACE_OUTER_BOUND('',#736,.T.);
#374=PLANE('',#737);
#375=FACE_OUTER_BOUND('',#738,.T.);
#376=PLANE('',#739);
#377=FACE_OUTER_BOUND('',#740,.T.);
#378=PLANE('',#741);
#379=FACE_OUTER_BOUND('',#742,.T.);
#380=PLANE('',#743);
#381=FACE_OUTER_BOUND('',#744,.T.);
#382=PLANE('',#745);
#383=FACE_OUTER_BOUND('',#746,.T.);
#384=PLANE('',#747);
#385=FACE_OUTER_BOUND('',#748,.T.);
#386=PLANE('',#749);
#387=FACE_OUTER_BOUND('',#750,.T.);
#388=FACE_BOUND('',#751,.T.);
#389=PLANE('',#752);
#390=FACE_OUTER_BOUND('',#753,.T.);
#391=PLANE('',#754);
#392=FACE_OUTER_BOUND('',#755,.T.);
#393=FACE_BOUND('',#756,.T.);
#394=FACE_BOUND('',#757,.T.);
#395=PLANE('',#758);
#396=FACE_OUTER_BOUND('',#759,.T.);
#397=PLANE('',#760);
#398=FACE_OUTER_BOUND('',#761,.T.);
#399=PLANE('',#762);
#400=FACE_OUTER_BOUND('',#763,.T.);
#401=PLANE('',#764);
#402=FACE_OUTER_BOUND('',#765,.T.);
#403=PLANE('',#766);
#404=FACE_OUTER_BOUND('',#767,.T.);
#405=PLANE('',#768);
#406=FACE_OUTER_BOUND('',#769,.T.);
#407=PLANE('',#770);
#408=FACE_OUTER_BOUND('',#771,.T.);
#409=PLANE('',#772);
#410=FACE_OUTER_BOUND('',#773,.T.);
#411=PLANE('',#774);
#412=FACE_OUTER_BOUND('',#775,.T.);
#413=PLANE('',#776);
#414=FACE_OUTER_BOUND('',#777,.T.);
#415=CYLINDRICAL_SURFACE('',#778,0.25);
#416=FACE_OUTER_BOUND('',#779,.T.);
#417=PLANE('',#780);
#418=FACE_OUTER_BOUND('',#781,.T.);
#419=PLANE('',#782);
#420=FACE_OUTER_BOUND('',#783,.T.);
#421=PLANE('',#784);
#422=FACE_OUTER_BOUND('',#785,.T.);
#423=CYLINDRICAL_SURFACE('',#786,0.15);
#424=FACE_OUTER_BOUND('',#787,.T.);
#425=PLANE('',#788);
#426=FACE_OUTER_BOUND('',#789,.T.);
#427=PLANE('',#790);
#428=FACE_OUTER_BOUND('',#791,.T.);
#429=PLANE('',#792);
#430=FACE_OUTER_BOUND('',#793,.T.);
#431=CYLINDRICAL_SURFACE('',#794,0.3);
#432=FACE_OUTER_BOUND('',#795,.T.);
#433=PLANE('',#796);
#434=FACE_OUTER_BOUND('',#797,.T.);
#435=PLANE('',#798);
#436=FACE_OUTER_BOUND('',#799,.T.);
#437=PLANE('',#800);
#438=FACE_OUTER_BOUND('',#801,.T.);
#439=PLANE('',#802);
#440=FACE_OUTER_BOUND('',#803,.T.);
#441=PLANE('',#804);
#442=FACE_OUTER_BOUND('',#805,.T.);
#443=PLANE('',#806);
#444=FACE_OUTER_BOUND('',#807,.T.);
#445=PLANE('',#808);
#446=FACE_OUTER_BOUND('',#809,.T.);
#447=PLANE('',#810);
#448=FACE_OUTER_BOUND('',#811,.T.);
#449=PLANE('',#812);
#450=FACE_OUTER_BOUND('',#813,.T.);
#451=CYLINDRICAL_SURFACE('',#814,0.1);
#452=FACE_OUTER_BOUND('',#815,.T.);
#453=PLANE('',#816);
#454=FACE_OUTER_BOUND('',#817,.T.);
#455=PLANE('',#818);
#456=FACE_OUTER_BOUND('',#819,.T.);
#457=CYLINDRICAL_SURFACE('',#820,0.3);
#458=FACE_OUTER_BOUND('',#821,.T.);
#459=CYLINDRICAL_SURFACE('',#822,0.3);
#460=FACE_OUTER_BOUND('',#823,.T.);
#461=CYLINDRICAL_SURFACE('',#824,0.3);
#462=FACE_OUTER_BOUND('',#825,.T.);
#463=CYLINDRICAL_SURFACE('',#826,0.3);
#464=FACE_OUTER_BOUND('',#827,.T.);
#465=CYLINDRICAL_SURFACE('',#828,0.3);
#466=FACE_OUTER_BOUND('',#829,.T.);
#467=CYLINDRICAL_SURFACE('',#830,0.15);
#468=FACE_OUTER_BOUND('',#831,.T.);
#469=CYLINDRICAL_SURFACE('',#832,0.15);
#470=FACE_OUTER_BOUND('',#833,.T.);
#471=PLANE('',#834);
#472=FACE_OUTER_BOUND('',#835,.T.);
#473=PLANE('',#836);
#474=FACE_OUTER_BOUND('',#837,.T.);
#475=PLANE('',#838);
#476=FACE_OUTER_BOUND('',#839,.T.);
#477=PLANE('',#840);
#478=FACE_OUTER_BOUND('',#841,.T.);
#479=PLANE('',#842);
#480=FACE_OUTER_BOUND('',#843,.T.);
#481=PLANE('',#844);
#482=FACE_OUTER_BOUND('',#845,.T.);
#483=PLANE('',#846);
#484=FACE_OUTER_BOUND('',#847,.T.);
#485=PLANE('',#848);
#486=FACE_OUTER_BOUND('',#849,.T.);
#487=PLANE('',#850);
#488=FACE_OUTER_BOUND('',#851,.T.);
#489=PLANE('',#852);
#490=FACE_OUTER_BOUND('',#853,.T.);
#491=PLANE('',#854);
#492=FACE_OUTER_BOUND('',#855,.T.);
#493=PLANE('',#856);
#494=FACE_OUTER_BOUND('',#857,.T.);
#495=PLANE('',#858);
#496=FACE_OUTER_BOUND('',#859,.T.);
#497=PLANE('',#860);
#498=FACE_OUTER_BOUND('',#861,.T.);
#499=PLANE('',#862);
#500=FACE_OUTER_BOUND('',#863,.T.);
#501=PLANE('',#864);
#502=FACE_OUTER_BOUND('',#865,.T.);
#503=PLANE('',#866);
#504=FACE_OUTER_BOUND('',#867,.T.);
#505=PLANE('',#868);
#506=FACE_OUTER_BOUND('',#869,.T.);
#507=PLANE('',#870);
#508=FACE_OUTER_BOUND('',#871,.T.);
#509=PLANE('',#872);
#510=FACE_OUTER_BOUND('',#873,.T.);
#511=PLANE('',#874);
#512=FACE_OUTER_BOUND('',#875,.T.);
#513=PLANE('',#876);
#514=FACE_OUTER_BOUND('',#877,.T.);
#515=PLANE('',#878);
#516=FACE_OUTER_BOUND('',#879,.T.);
#517=CYLINDRICAL_SURFACE('',#880,0.15);
#518=FACE_OUTER_BOUND('',#881,.T.);
#519=PLANE('',#882);
#520=FACE_OUTER_BOUND('',#883,.T.);
#521=PLANE('',#884);
#522=FACE_OUTER_BOUND('',#885,.T.);
#523=PLANE('',#886);
#524=FACE_OUTER_BOUND('',#887,.T.);
#525=PLANE('',#888);
#526=FACE_OUTER_BOUND('',#889,.T.);
#527=PLANE('',#890);
#528=FACE_OUTER_BOUND('',#891,.T.);
#529=PLANE('',#892);
#530=FACE_OUTER_BOUND('',#893,.T.);
#531=CYLINDRICAL_SURFACE('',#894,0.25);
#532=FACE_OUTER_BOUND('',#895,.T.);
#533=PLANE('',#896);
#534=FACE_OUTER_BOUND('',#897,.T.);
#535=PLANE('',#898);
#536=FACE_OUTER_BOUND('',#899,.T.);
#537=PLANE('',#900);
#538=FACE_OUTER_BOUND('',#901,.T.);
#539=PLANE('',#902);
#540=FACE_OUTER_BOUND('',#903,.T.);
#541=CYLINDRICAL_SURFACE('',#904,0.45);
#542=FACE_OUTER_BOUND('',#905,.T.);
#543=PLANE('',#906);
#544=FACE_OUTER_BOUND('',#907,.T.);
#545=PLANE('',#908);
#546=FACE_OUTER_BOUND('',#909,.T.);
#547=PLANE('',#910);
#548=FACE_OUTER_BOUND('',#911,.T.);
#549=PLANE('',#912);
#550=FACE_OUTER_BOUND('',#913,.T.);
#551=CYLINDRICAL_SURFACE('',#914,0.15);
#552=FACE_OUTER_BOUND('',#915,.T.);
#553=PLANE('',#916);
#554=FACE_OUTER_BOUND('',#917,.T.);
#555=CYLINDRICAL_SURFACE('',#918,0.3);
#556=FACE_OUTER_BOUND('',#919,.T.);
#557=PLANE('',#920);
#558=FACE_OUTER_BOUND('',#921,.T.);
#559=PLANE('',#922);
#560=FACE_OUTER_BOUND('',#923,.T.);
#561=PLANE('',#924);
#562=FACE_OUTER_BOUND('',#925,.T.);
#563=PLANE('',#926);
#564=FACE_OUTER_BOUND('',#927,.T.);
#565=PLANE('',#928);
#566=FACE_OUTER_BOUND('',#929,.T.);
#567=PLANE('',#930);
#568=FACE_OUTER_BOUND('',#931,.T.);
#569=PLANE('',#932);
#570=FACE_OUTER_BOUND('',#933,.T.);
#571=PLANE('',#934);
#572=FACE_OUTER_BOUND('',#935,.T.);
#573=PLANE('',#936);
#574=FACE_OUTER_BOUND('',#937,.T.);
#575=CYLINDRICAL_SURFACE('',#938,0.1);
#576=FACE_OUTER_BOUND('',#939,.T.);
#577=PLANE('',#940);
#578=FACE_OUTER_BOUND('',#941,.T.);
#579=PLANE('',#942);
#580=FACE_OUTER_BOUND('',#943,.T.);
#581=PLANE('',#944);
#582=FACE_OUTER_BOUND('',#945,.T.);
#583=PLANE('',#946);
#584=FACE_OUTER_BOUND('',#947,.T.);
#585=PLANE('',#948);
#586=FACE_OUTER_BOUND('',#949,.T.);
#587=PLANE('',#950);
#588=FACE_OUTER_BOUND('',#951,.T.);
#589=PLANE('',#952);
#590=FACE_OUTER_BOUND('',#953,.T.);
#591=PLANE('',#954);
#592=FACE_OUTER_BOUND('',#955,.T.);
#593=CYLINDRICAL_SURFACE('',#956,0.25);
#594=FACE_OUTER_BOUND('',#957,.T.);
#595=PLANE('',#958);
#596=FACE_OUTER_BOUND('',#959,.T.);
#597=PLANE('',#960);
#598=FACE_OUTER_BOUND('',#961,.T.);
#599=PLANE('',#962);
#600=FACE_OUTER_BOUND('',#963,.T.);
#601=CYLINDRICAL_SURFACE('',#964,0.15);
#602=FACE_OUTER_BOUND('',#965,.T.);
#603=PLANE('',#966);
#604=FACE_OUTER_BOUND('',#967,.T.);
#605=CYLINDRICAL_SURFACE('',#968,0.45);
#606=FACE_OUTER_BOUND('',#969,.T.);
#607=PLANE('',#970);
#608=FACE_OUTER_BOUND('',#971,.T.);
#609=PLANE('',#972);
#610=FACE_OUTER_BOUND('',#973,.T.);
#611=PLANE('',#974);
#612=FACE_OUTER_BOUND('',#975,.T.);
#613=PLANE('',#976);
#614=FACE_OUTER_BOUND('',#977,.T.);
#615=PLANE('',#978);
#616=FACE_OUTER_BOUND('',#979,.T.);
#617=PLANE('',#980);
#618=FACE_OUTER_BOUND('',#981,.T.);
#619=PLANE('',#982);
#620=FACE_OUTER_BOUND('',#983,.T.);
#621=PLANE('',#984);
#622=FACE_OUTER_BOUND('',#985,.T.);
#623=PLANE('',#986);
#624=FACE_OUTER_BOUND('',#987,.T.);
#625=PLANE('',#988);
#626=FACE_OUTER_BOUND('',#989,.T.);
#627=PLANE('',#990);
#628=FACE_OUTER_BOUND('',#991,.T.);
#629=PLANE('',#992);
#630=FACE_OUTER_BOUND('',#993,.T.);
#631=CYLINDRICAL_SURFACE('',#994,0.45);
#632=TRIMMED_CURVE('',#995,(PARAMETER_VALUE(0.0)),(PARAMETER_VALUE(3.1415926535892)),.T.,.UNSPECIFIED.);
#633=TRIMMED_CURVE('',#996,(PARAMETER_VALUE(0.0)),(PARAMETER_VALUE(3.1415926535892)),.T.,.UNSPECIFIED.);
#634=TRIMMED_CURVE('',#997,(PARAMETER_VALUE(0.0)),(PARAMETER_VALUE(3.1415926535892)),.T.,.UNSPECIFIED.);
#635=TRIMMED_CURVE('',#998,(PARAMETER_VALUE(0.0)),(PARAMETER_VALUE(3.1415926535892)),.T.,.UNSPECIFIED.);
#636=TRIMMED_CURVE('',#999,(PARAMETER_VALUE(0.0)),(PARAMETER_VALUE(3.1415926535892)),.T.,.UNSPECIFIED.);
#637=TRIMMED_CURVE('',#1000,(PARAMETER_VALUE(0.0)),(PARAMETER_VALUE(3.1415926535892)),.T.,.UNSPECIFIED.);
#638=TRIMMED_CURVE('',#1001,(PARAMETER_VALUE(0.0)),(PARAMETER_VALUE(3.1415926535892)),.T.,.UNSPECIFIED.);
#639=TRIMMED_CURVE('',#1002,(PARAMETER_VALUE(0.0)),(PARAMETER_VALUE(3.1415926535892)),.T.,.UNSPECIFIED.);
#640=EDGE_LOOP('',(#1003,#1004,#1005,#1006));
#641=AXIS2_PLACEMENT_3D('',#1007,#1008,#1009);
#642=EDGE_LOOP('',(#1010,#1011,#1012,#1013));
#643=AXIS2_PLACEMENT_3D('',#1014,#1015,#1016);
#644=EDGE_LOOP('',(#1017,#1018,#1019,#1020));
#645=AXIS2_PLACEMENT_3D('',#1021,#1022,#1023);
#646=EDGE_LOOP('',(#1024,#1025,#1026,#1027));
#647=AXIS2_PLACEMENT_3D('',#1028,#1029,#1030);
#648=EDGE_LOOP('',(#1031,#1032,#1033,#1034));
#649=AXIS2_PLACEMENT_3D('',#1035,#1036,#1037);
#650=EDGE_LOOP('',(#1038,#1039,#1040,#1041));
#651=AXIS2_PLACEMENT_3D('',#1042,#1043,#1044);
#652=EDGE_LOOP('',(#1045,#1046,#1047,#1048));
#653=AXIS2_PLACEMENT_3D('',#1049,#1050,#1051);
#654=EDGE_LOOP('',(#1052,#1053,#1054,#1055));
#655=AXIS2_PLACEMENT_3D('',#1056,#1057,#1058);
#656=EDGE_LOOP('',(#1059,#1060,#1061,#1062));
#657=AXIS2_PLACEMENT_3D('',#1063,#1064,#1065);
#658=EDGE_LOOP('',(#1066,#1067,#1068,#1069));
#659=AXIS2_PLACEMENT_3D('',#1070,#1071,#1072);
#660=EDGE_LOOP('',(#1073,#1074,#1075,#1076));
#661=AXIS2_PLACEMENT_3D('',#1077,#1078,#1079);
#662=EDGE_LOOP('',(#1080,#1081,#1082,#1083,#1084,#1085,#1086,#1087));
#663=AXIS2_PLACEMENT_3D('',#1088,#1089,#1090);
#664=EDGE_LOOP('',(#1091,#1092,#1093,#1094,#1095));
#665=AXIS2_PLACEMENT_3D('',#1096,#1097,#1098);
#666=EDGE_LOOP('',(#1099,#1100,#1101,#1102));
#667=AXIS2_PLACEMENT_3D('',#1103,#1104,#1105);
#668=EDGE_LOOP('',(#1106,#1107,#1108,#1109,#1110,#1111,#1112,#1113,#1114,#1115,#1116,#1117));
#669=EDGE_LOOP('',(#1118,#1119,#1120,#1121));
#670=EDGE_LOOP('',(#1122,#1123,#1124,#1125));
#671=AXIS2_PLACEMENT_3D('',#1126,#1127,#1128);
#672=EDGE_LOOP('',(#1129,#1130,#1131,#1132,#1133,#1134));
#673=AXIS2_PLACEMENT_3D('',#1135,#1136,#1137);
#674=EDGE_LOOP('',(#1138,#1139,#1140,#1141,#1142,#1143,#1144,#1145,#1146,#1147));
#675=AXIS2_PLACEMENT_3D('',#1148,#1149,#1150);
#676=EDGE_LOOP('',(#1151,#1152,#1153,#1154,#1155,#1156));
#677=AXIS2_PLACEMENT_3D('',#1157,#1158,#1159);
#678=EDGE_LOOP('',(#1160,#1161,#1162,#1163,#1164,#1165,#1166,#1167));
#679=AXIS2_PLACEMENT_3D('',#1168,#1169,#1170);
#680=EDGE_LOOP('',(#1171,#1172,#1173,#1174,#1175,#1176,#1177,#1178));
#681=AXIS2_PLACEMENT_3D('',#1179,#1180,#1181);
#682=EDGE_LOOP('',(#1182,#1183,#1184,#1185,#1186,#1187,#1188,#1189));
#683=AXIS2_PLACEMENT_3D('',#1190,#1191,#1192);
#684=EDGE_LOOP('',(#1193,#1194,#1195,#1196,#1197,#1198));
#685=AXIS2_PLACEMENT_3D('',#1199,#1200,#1201);
#686=EDGE_LOOP('',(#1202,#1203,#1204,#1205,#1206,#1207,#1208,#1209,#1210,#1211,#1212,#1213,#1214,#1215,#1216,#1217,#1218,#1219,#1220,#1221));
#687=AXIS2_PLACEMENT_3D('',#1222,#1223,#1224);
#688=EDGE_LOOP('',(#1225,#1226,#1227,#1228));
#689=AXIS2_PLACEMENT_3D('',#1229,#1230,#1231);
#690=EDGE_LOOP('',(#1232,#1233,#1234,#1235));
#691=AXIS2_PLACEMENT_3D('',#1236,#1237,#1238);
#692=EDGE_LOOP('',(#1239,#1240,#1241,#1242));
#693=AXIS2_PLACEMENT_3D('',#1243,#1244,#1245);
#694=EDGE_LOOP('',(#1246,#1247,#1248,#1249));
#695=AXIS2_PLACEMENT_3D('',#1250,#1251,#1252);
#696=EDGE_LOOP('',(#1253,#1254,#1255,#1256,#1257,#1258,#1259,#1260,#1261));
#697=AXIS2_PLACEMENT_3D('',#1262,#1263,#1264);
#698=EDGE_LOOP('',(#1265,#1266,#1267,#1268,#1269,#1270));
#699=AXIS2_PLACEMENT_3D('',#1271,#1272,#1273);
#700=EDGE_LOOP('',(#1274,#1275,#1276,#1277));
#701=AXIS2_PLACEMENT_3D('',#1278,#1279,#1280);
#702=EDGE_LOOP('',(#1281,#1282,#1283,#1284,#1285,#1286));
#703=AXIS2_PLACEMENT_3D('',#1287,#1288,#1289);
#704=EDGE_LOOP('',(#1290,#1291,#1292,#1293,#1294,#1295,#1296,#1297,#1298));
#705=AXIS2_PLACEMENT_3D('',#1299,#1300,#1301);
#706=EDGE_LOOP('',(#1302,#1303,#1304,#1305));
#707=AXIS2_PLACEMENT_3D('',#1306,#1307,#1308);
#708=EDGE_LOOP('',(#1309,#1310,#1311,#1312));
#709=AXIS2_PLACEMENT_3D('',#1313,#1314,#1315);
#710=EDGE_LOOP('',(#1316,#1317,#1318,#1319,#1320,#1321));
#711=AXIS2_PLACEMENT_3D('',#1322,#1323,#1324);
#712=EDGE_LOOP('',(#1325,#1326,#1327,#1328,#1329,#1330));
#713=AXIS2_PLACEMENT_3D('',#1331,#1332,#1333);
#714=EDGE_LOOP('',(#1334,#1335,#1336,#1337,#1338,#1339,#1340,#1341,#1342,#1343));
#715=AXIS2_PLACEMENT_3D('',#1344,#1345,#1346);
#716=EDGE_LOOP('',(#1347,#1348,#1349,#1350,#1351,#1352));
#717=AXIS2_PLACEMENT_3D('',#1353,#1354,#1355);
#718=EDGE_LOOP('',(#1356,#1357,#1358,#1359));
#719=AXIS2_PLACEMENT_3D('',#1360,#1361,#1362);
#720=EDGE_LOOP('',(#1363,#1364,#1365,#1366,#1367,#1368));
#721=AXIS2_PLACEMENT_3D('',#1369,#1370,#1371);
#722=EDGE_LOOP('',(#1372,#1373,#1374,#1375,#1376,#1377,#1378,#1379,#1380,#1381));
#723=AXIS2_PLACEMENT_3D('',#1382,#1383,#1384);
#724=EDGE_LOOP('',(#1385,#1386,#1387,#1388));
#725=AXIS2_PLACEMENT_3D('',#1389,#1390,#1391);
#726=EDGE_LOOP('',(#1392,#1393,#1394,#1395));
#727=AXIS2_PLACEMENT_3D('',#1396,#1397,#1398);
#728=EDGE_LOOP('',(#1399,#1400,#1401,#1402));
#729=AXIS2_PLACEMENT_3D('',#1403,#1404,#1405);
#730=EDGE_LOOP('',(#1406,#1407,#1408,#1409));
#731=AXIS2_PLACEMENT_3D('',#1410,#1411,#1412);
#732=EDGE_LOOP('',(#1413,#1414,#1415,#1416));
#733=AXIS2_PLACEMENT_3D('',#1417,#1418,#1419);
#734=EDGE_LOOP('',(#1420,#1421,#1422,#1423));
#735=AXIS2_PLACEMENT_3D('',#1424,#1425,#1426);
#736=EDGE_LOOP('',(#1427,#1428,#1429,#1430));
#737=AXIS2_PLACEMENT_3D('',#1431,#1432,#1433);
#738=EDGE_LOOP('',(#1434,#1435,#1436,#1437));
#739=AXIS2_PLACEMENT_3D('',#1438,#1439,#1440);
#740=EDGE_LOOP('',(#1441,#1442,#1443,#1444));
#741=AXIS2_PLACEMENT_3D('',#1445,#1446,#1447);
#742=EDGE_LOOP('',(#1448,#1449,#1450,#1451));
#743=AXIS2_PLACEMENT_3D('',#1452,#1453,#1454);
#744=EDGE_LOOP('',(#1455,#1456,#1457,#1458));
#745=AXIS2_PLACEMENT_3D('',#1459,#1460,#1461);
#746=EDGE_LOOP('',(#1462,#1463,#1464,#1465));
#747=AXIS2_PLACEMENT_3D('',#1466,#1467,#1468);
#748=EDGE_LOOP('',(#1469,#1470,#1471,#1472));
#749=AXIS2_PLACEMENT_3D('',#1473,#1474,#1475);
#750=EDGE_LOOP('',(#1476,#1477,#1478,#1479,#1480,#1481,#1482,#1483,#1484));
#751=EDGE_LOOP('',(#1485,#1486,#1487,#1488,#1489,#1490,#1491,#1492,#1493,#1494,#1495,#1496,#1497,#1498,#1499,#1500,#1501,#1502,#1503,#1504));
#752=AXIS2_PLACEMENT_3D('',#1505,#1506,#1507);
#753=EDGE_LOOP('',(#1508,#1509,#1510,#1511,#1512,#1513,#1514,#1515));
#754=AXIS2_PLACEMENT_3D('',#1516,#1517,#1518);
#755=EDGE_LOOP('',(#1519,#1520,#1521,#1522,#1523,#1524,#1525,#1526,#1527,#1528,#1529));
#756=EDGE_LOOP('',(#1530,#1531,#1532,#1533));
#757=EDGE_LOOP('',(#1534,#1535,#1536,#1537));
#758=AXIS2_PLACEMENT_3D('',#1538,#1539,#1540);
#759=EDGE_LOOP('',(#1541,#1542,#1543,#1544,#1545,#1546));
#760=AXIS2_PLACEMENT_3D('',#1547,#1548,#1549);
#761=EDGE_LOOP('',(#1550,#1551,#1552,#1553,#1554,#1555,#1556,#1557,#1558,#1559,#1560,#1561,#1562,#1563));
#762=AXIS2_PLACEMENT_3D('',#1564,#1565,#1566);
#763=EDGE_LOOP('',(#1567,#1568,#1569,#1570,#1571,#1572));
#764=AXIS2_PLACEMENT_3D('',#1573,#1574,#1575);
#765=EDGE_LOOP('',(#1576,#1577,#1578,#1579,#1580,#1581,#1582,#1583,#1584));
#766=AXIS2_PLACEMENT_3D('',#1585,#1586,#1587);
#767=EDGE_LOOP('',(#1588,#1589,#1590,#1591,#1592,#1593));
#768=AXIS2_PLACEMENT_3D('',#1594,#1595,#1596);
#769=EDGE_LOOP('',(#1597,#1598,#1599,#1600));
#770=AXIS2_PLACEMENT_3D('',#1601,#1602,#1603);
#771=EDGE_LOOP('',(#1604,#1605,#1606,#1607,#1608,#1609));
#772=AXIS2_PLACEMENT_3D('',#1610,#1611,#1612);
#773=EDGE_LOOP('',(#1613,#1614,#1615,#1616,#1617,#1618,#1619,#1620,#1621));
#774=AXIS2_PLACEMENT_3D('',#1622,#1623,#1624);
#775=EDGE_LOOP('',(#1625,#1626,#1627,#1628));
#776=AXIS2_PLACEMENT_3D('',#1629,#1630,#1631);
#777=EDGE_LOOP('',(#1632,#1633,#1634,#1635));
#778=AXIS2_PLACEMENT_3D('',#1636,#1637,#1638);
#779=EDGE_LOOP('',(#1639,#1640,#1641,#1642,#1643,#1644));
#780=AXIS2_PLACEMENT_3D('',#1645,#1646,#1647);
#781=EDGE_LOOP('',(#1648,#1649,#1650,#1651));
#782=AXIS2_PLACEMENT_3D('',#1652,#1653,#1654);
#783=EDGE_LOOP('',(#1655,#1656,#1657,#1658));
#784=AXIS2_PLACEMENT_3D('',#1659,#1660,#1661);
#785=EDGE_LOOP('',(#1662,#1663,#1664,#1665));
#786=AXIS2_PLACEMENT_3D('',#1666,#1667,#1668);
#787=EDGE_LOOP('',(#1669,#1670,#1671,#1672,#1673,#1674));
#788=AXIS2_PLACEMENT_3D('',#1675,#1676,#1677);
#789=EDGE_LOOP('',(#1678,#1679,#1680,#1681,#1682,#1683,#1684,#1685,#1686,#1687,#1688,#1689,#1690,#1691));
#790=AXIS2_PLACEMENT_3D('',#1692,#1693,#1694);
#791=EDGE_LOOP('',(#1695,#1696,#1697,#1698));
#792=AXIS2_PLACEMENT_3D('',#1699,#1700,#1701);
#793=EDGE_LOOP('',(#1702,#1703,#1704,#1705));
#794=AXIS2_PLACEMENT_3D('',#1706,#1707,#1708);
#795=EDGE_LOOP('',(#1709,#1710,#1711,#1712));
#796=AXIS2_PLACEMENT_3D('',#1713,#1714,#1715);
#797=EDGE_LOOP('',(#1716,#1717,#1718,#1719));
#798=AXIS2_PLACEMENT_3D('',#1720,#1721,#1722);
#799=EDGE_LOOP('',(#1723,#1724,#1725,#1726));
#800=AXIS2_PLACEMENT_3D('',#1727,#1728,#1729);
#801=EDGE_LOOP('',(#1730,#1731,#1732,#1733));
#802=AXIS2_PLACEMENT_3D('',#1734,#1735,#1736);
#803=EDGE_LOOP('',(#1737,#1738,#1739,#1740));
#804=AXIS2_PLACEMENT_3D('',#1741,#1742,#1743);
#805=EDGE_LOOP('',(#1744,#1745,#1746,#1747));
#806=AXIS2_PLACEMENT_3D('',#1748,#1749,#1750);
#807=EDGE_LOOP('',(#1751,#1752,#1753,#1754));
#808=AXIS2_PLACEMENT_3D('',#1755,#1756,#1757);
#809=EDGE_LOOP('',(#1758,#1759,#1760,#1761));
#810=AXIS2_PLACEMENT_3D('',#1762,#1763,#1764);
#811=EDGE_LOOP('',(#1765,#1766,#1767,#1768));
#812=AXIS2_PLACEMENT_3D('',#1769,#1770,#1771);
#813=EDGE_LOOP('',(#1772,#1773,#1774,#1775));
#814=AXIS2_PLACEMENT_3D('',#1776,#1777,#1778);
#815=EDGE_LOOP('',(#1779,#1780,#1781,#1782));
#816=AXIS2_PLACEMENT_3D('',#1783,#1784,#1785);
#817=EDGE_LOOP('',(#1786,#1787,#1788,#1789));
#818=AXIS2_PLACEMENT_3D('',#1790,#1791,#1792);
#819=EDGE_LOOP('',(#1793,#1794,#1795,#1796,#1797));
#820=AXIS2_PLACEMENT_3D('',#1798,#1799,#1800);
#821=EDGE_LOOP('',(#1801,#1802,#1803,#1804));
#822=AXIS2_PLACEMENT_3D('',#1805,#1806,#1807);
#823=EDGE_LOOP('',(#1808,#1809,#1810,#1811));
#824=AXIS2_PLACEMENT_3D('',#1812,#1813,#1814);
#825=EDGE_LOOP('',(#1815,#1816,#1817,#1818));
#826=AXIS2_PLACEMENT_3D('',#1819,#1820,#1821);
#827=EDGE_LOOP('',(#1822,#1823,#1824,#1825,#1826));
#828=AXIS2_PLACEMENT_3D('',#1827,#1828,#1829);
#829=EDGE_LOOP('',(#1830,#1831,#1832,#1833));
#830=AXIS2_PLACEMENT_3D('',#1834,#1835,#1836);
#831=EDGE_LOOP('',(#1837,#1838,#1839,#1840));
#832=AXIS2_PLACEMENT_3D('',#1841,#1842,#1843);
#833=EDGE_LOOP('',(#1844,#1845,#1846,#1847));
#834=AXIS2_PLACEMENT_3D('',#1848,#1849,#1850);
#835=EDGE_LOOP('',(#1851,#1852,#1853,#1854));
#836=AXIS2_PLACEMENT_3D('',#1855,#1856,#1857);
#837=EDGE_LOOP('',(#1858,#1859,#1860,#1861,#1862,#1863,#1864,#1865));
#838=AXIS2_PLACEMENT_3D('',#1866,#1867,#1868);
#839=EDGE_LOOP('',(#1869,#1870,#1871,#1872,#1873));
#840=AXIS2_PLACEMENT_3D('',#1874,#1875,#1876);
#841=EDGE_LOOP('',(#1877,#1878,#1879,#1880));
#842=AXIS2_PLACEMENT_3D('',#1881,#1882,#1883);
#843=EDGE_LOOP('',(#1884,#1885,#1886,#1887,#1888,#1889,#1890,#1891));
#844=AXIS2_PLACEMENT_3D('',#1892,#1893,#1894);
#845=EDGE_LOOP('',(#1895,#1896,#1897,#1898,#1899,#1900,#1901,#1902));
#846=AXIS2_PLACEMENT_3D('',#1903,#1904,#1905);
#847=EDGE_LOOP('',(#1906,#1907,#1908,#1909,#1910,#1911,#1912,#1913,#1914,#1915));
#848=AXIS2_PLACEMENT_3D('',#1916,#1917,#1918);
#849=EDGE_LOOP('',(#1919,#1920,#1921,#1922));
#850=AXIS2_PLACEMENT_3D('',#1923,#1924,#1925);
#851=EDGE_LOOP('',(#1926,#1927,#1928,#1929));
#852=AXIS2_PLACEMENT_3D('',#1930,#1931,#1932);
#853=EDGE_LOOP('',(#1933,#1934,#1935,#1936,#1937,#1938));
#854=AXIS2_PLACEMENT_3D('',#1939,#1940,#1941);
#855=EDGE_LOOP('',(#1942,#1943,#1944,#1945));
#856=AXIS2_PLACEMENT_3D('',#1946,#1947,#1948);
#857=EDGE_LOOP('',(#1949,#1950,#1951,#1952));
#858=AXIS2_PLACEMENT_3D('',#1953,#1954,#1955);
#859=EDGE_LOOP('',(#1956,#1957,#1958,#1959));
#860=AXIS2_PLACEMENT_3D('',#1960,#1961,#1962);
#861=EDGE_LOOP('',(#1963,#1964,#1965,#1966));
#862=AXIS2_PLACEMENT_3D('',#1967,#1968,#1969);
#863=EDGE_LOOP('',(#1970,#1971,#1972,#1973));
#864=AXIS2_PLACEMENT_3D('',#1974,#1975,#1976);
#865=EDGE_LOOP('',(#1977,#1978,#1979,#1980));
#866=AXIS2_PLACEMENT_3D('',#1981,#1982,#1983);
#867=EDGE_LOOP('',(#1984,#1985,#1986,#1987));
#868=AXIS2_PLACEMENT_3D('',#1988,#1989,#1990);
#869=EDGE_LOOP('',(#1991,#1992,#1993,#1994));
#870=AXIS2_PLACEMENT_3D('',#1995,#1996,#1997);
#871=EDGE_LOOP('',(#1998,#1999,#2000,#2001));
#872=AXIS2_PLACEMENT_3D('',#2002,#2003,#2004);
#873=EDGE_LOOP('',(#2005,#2006,#2007,#2008));
#874=AXIS2_PLACEMENT_3D('',#2009,#2010,#2011);
#875=EDGE_LOOP('',(#2012,#2013,#2014,#2015));
#876=AXIS2_PLACEMENT_3D('',#2016,#2017,#2018);
#877=EDGE_LOOP('',(#2019,#2020,#2021,#2022));
#878=AXIS2_PLACEMENT_3D('',#2023,#2024,#2025);
#879=EDGE_LOOP('',(#2026,#2027,#2028,#2029));
#880=AXIS2_PLACEMENT_3D('',#2030,#2031,#2032);
#881=EDGE_LOOP('',(#2033,#2034,#2035,#2036,#2037,#2038,#2039,#2040,#2041));
#882=AXIS2_PLACEMENT_3D('',#2042,#2043,#2044);
#883=EDGE_LOOP('',(#2045,#2046,#2047,#2048,#2049,#2050));
#884=AXIS2_PLACEMENT_3D('',#2051,#2052,#2053);
#885=EDGE_LOOP('',(#2054,#2055,#2056,#2057));
#886=AXIS2_PLACEMENT_3D('',#2058,#2059,#2060);
#887=EDGE_LOOP('',(#2061,#2062,#2063,#2064,#2065,#2066));
#888=AXIS2_PLACEMENT_3D('',#2067,#2068,#2069);
#889=EDGE_LOOP('',(#2070,#2071,#2072,#2073,#2074,#2075,#2076,#2077,#2078));
#890=AXIS2_PLACEMENT_3D('',#2079,#2080,#2081);
#891=EDGE_LOOP('',(#2082,#2083,#2084,#2085));
#892=AXIS2_PLACEMENT_3D('',#2086,#2087,#2088);
#893=EDGE_LOOP('',(#2089,#2090,#2091,#2092));
#894=AXIS2_PLACEMENT_3D('',#2093,#2094,#2095);
#895=EDGE_LOOP('',(#2096,#2097,#2098,#2099,#2100,#2101));
#896=AXIS2_PLACEMENT_3D('',#2102,#2103,#2104);
#897=EDGE_LOOP('',(#2105,#2106,#2107,#2108,#2109,#2110));
#898=AXIS2_PLACEMENT_3D('',#2111,#2112,#2113);
#899=EDGE_LOOP('',(#2114,#2115,#2116,#2117,#2118,#2119,#2120,#2121,#2122,#2123,#2124,#2125,#2126,#2127));
#900=AXIS2_PLACEMENT_3D('',#2128,#2129,#2130);
#901=EDGE_LOOP('',(#2131,#2132,#2133,#2134,#2135,#2136));
#902=AXIS2_PLACEMENT_3D('',#2137,#2138,#2139);
#903=EDGE_LOOP('',(#2140,#2141,#2142,#2143));
#904=AXIS2_PLACEMENT_3D('',#2144,#2145,#2146);
#905=EDGE_LOOP('',(#2147,#2148,#2149,#2150,#2151,#2152));
#906=AXIS2_PLACEMENT_3D('',#2153,#2154,#2155);
#907=EDGE_LOOP('',(#2156,#2157,#2158,#2159,#2160,#2161,#2162,#2163,#2164,#2165,#2166,#2167,#2168,#2169));
#908=AXIS2_PLACEMENT_3D('',#2170,#2171,#2172);
#909=EDGE_LOOP('',(#2173,#2174,#2175,#2176));
#910=AXIS2_PLACEMENT_3D('',#2177,#2178,#2179);
#911=EDGE_LOOP('',(#2180,#2181,#2182,#2183));
#912=AXIS2_PLACEMENT_3D('',#2184,#2185,#2186);
#913=EDGE_LOOP('',(#2187,#2188,#2189,#2190));
#914=AXIS2_PLACEMENT_3D('',#2191,#2192,#2193);
#915=EDGE_LOOP('',(#2194,#2195,#2196,#2197));
#916=AXIS2_PLACEMENT_3D('',#2198,#2199,#2200);
#917=EDGE_LOOP('',(#2201,#2202,#2203,#2204));
#918=AXIS2_PLACEMENT_3D('',#2205,#2206,#2207);
#919=EDGE_LOOP('',(#2208,#2209,#2210,#2211));
#920=AXIS2_PLACEMENT_3D('',#2212,#2213,#2214);
#921=EDGE_LOOP('',(#2215,#2216,#2217,#2218));
#922=AXIS2_PLACEMENT_3D('',#2219,#2220,#2221);
#923=EDGE_LOOP('',(#2222,#2223,#2224,#2225));
#924=AXIS2_PLACEMENT_3D('',#2226,#2227,#2228);
#925=EDGE_LOOP('',(#2229,#2230,#2231,#2232));
#926=AXIS2_PLACEMENT_3D('',#2233,#2234,#2235);
#927=EDGE_LOOP('',(#2236,#2237,#2238,#2239));
#928=AXIS2_PLACEMENT_3D('',#2240,#2241,#2242);
#929=EDGE_LOOP('',(#2243,#2244,#2245,#2246));
#930=AXIS2_PLACEMENT_3D('',#2247,#2248,#2249);
#931=EDGE_LOOP('',(#2250,#2251,#2252,#2253));
#932=AXIS2_PLACEMENT_3D('',#2254,#2255,#2256);
#933=EDGE_LOOP('',(#2257,#2258,#2259,#2260));
#934=AXIS2_PLACEMENT_3D('',#2261,#2262,#2263);
#935=EDGE_LOOP('',(#2264,#2265,#2266,#2267));
#936=AXIS2_PLACEMENT_3D('',#2268,#2269,#2270);
#937=EDGE_LOOP('',(#2271,#2272,#2273,#2274));
#938=AXIS2_PLACEMENT_3D('',#2275,#2276,#2277);
#939=EDGE_LOOP('',(#2278,#2279,#2280,#2281));
#940=AXIS2_PLACEMENT_3D('',#2282,#2283,#2284);
#941=EDGE_LOOP('',(#2285,#2286,#2287,#2288));
#942=AXIS2_PLACEMENT_3D('',#2289,#2290,#2291);
#943=EDGE_LOOP('',(#2292,#2293,#2294,#2295,#2296,#2297,#2298,#2299,#2300));
#944=AXIS2_PLACEMENT_3D('',#2301,#2302,#2303);
#945=EDGE_LOOP('',(#2304,#2305,#2306,#2307,#2308,#2309));
#946=AXIS2_PLACEMENT_3D('',#2310,#2311,#2312);
#947=EDGE_LOOP('',(#2313,#2314,#2315,#2316));
#948=AXIS2_PLACEMENT_3D('',#2317,#2318,#2319);
#949=EDGE_LOOP('',(#2320,#2321,#2322,#2323,#2324,#2325));
#950=AXIS2_PLACEMENT_3D('',#2326,#2327,#2328);
#951=EDGE_LOOP('',(#2329,#2330,#2331,#2332,#2333,#2334,#2335,#2336,#2337));
#952=AXIS2_PLACEMENT_3D('',#2338,#2339,#2340);
#953=EDGE_LOOP('',(#2341,#2342,#2343,#2344));
#954=AXIS2_PLACEMENT_3D('',#2345,#2346,#2347);
#955=EDGE_LOOP('',(#2348,#2349,#2350,#2351));
#956=AXIS2_PLACEMENT_3D('',#2352,#2353,#2354);
#957=EDGE_LOOP('',(#2355,#2356,#2357,#2358,#2359,#2360));
#958=AXIS2_PLACEMENT_3D('',#2361,#2362,#2363);
#959=EDGE_LOOP('',(#2364,#2365,#2366,#2367));
#960=AXIS2_PLACEMENT_3D('',#2368,#2369,#2370);
#961=EDGE_LOOP('',(#2371,#2372,#2373,#2374));
#962=AXIS2_PLACEMENT_3D('',#2375,#2376,#2377);
#963=EDGE_LOOP('',(#2378,#2379,#2380,#2381));
#964=AXIS2_PLACEMENT_3D('',#2382,#2383,#2384);
#965=EDGE_LOOP('',(#2385,#2386,#2387,#2388,#2389,#2390));
#966=AXIS2_PLACEMENT_3D('',#2391,#2392,#2393);
#967=EDGE_LOOP('',(#2394,#2395,#2396,#2397));
#968=AXIS2_PLACEMENT_3D('',#2398,#2399,#2400);
#969=EDGE_LOOP('',(#2401,#2402,#2403,#2404,#2405,#2406));
#970=AXIS2_PLACEMENT_3D('',#2407,#2408,#2409);
#971=EDGE_LOOP('',(#2410,#2411,#2412,#2413,#2414,#2415,#2416,#2417,#2418,#2419));
#972=AXIS2_PLACEMENT_3D('',#2420,#2421,#2422);
#973=EDGE_LOOP('',(#2423,#2424,#2425,#2426));
#974=AXIS2_PLACEMENT_3D('',#2427,#2428,#2429);
#975=EDGE_LOOP('',(#2430,#2431,#2432,#2433));
#976=AXIS2_PLACEMENT_3D('',#2434,#2435,#2436);
#977=EDGE_LOOP('',(#2437,#2438,#2439,#2440));
#978=AXIS2_PLACEMENT_3D('',#2441,#2442,#2443);
#979=EDGE_LOOP('',(#2444,#2445,#2446,#2447));
#980=AXIS2_PLACEMENT_3D('',#2448,#2449,#2450);
#981=EDGE_LOOP('',(#2451,#2452,#2453,#2454));
#982=AXIS2_PLACEMENT_3D('',#2455,#2456,#2457);
#983=EDGE_LOOP('',(#2458,#2459,#2460,#2461));
#984=AXIS2_PLACEMENT_3D('',#2462,#2463,#2464);
#985=EDGE_LOOP('',(#2465,#2466,#2467,#2468));
#986=AXIS2_PLACEMENT_3D('',#2469,#2470,#2471);
#987=EDGE_LOOP('',(#2472,#2473,#2474,#2475));
#988=AXIS2_PLACEMENT_3D('',#2476,#2477,#2478);
#989=EDGE_LOOP('',(#2479,#2480,#2481,#2482));
#990=AXIS2_PLACEMENT_3D('',#2483,#2484,#2485);
#991=EDGE_LOOP('',(#2486,#2487,#2488,#2489));
#992=AXIS2_PLACEMENT_3D('',#2490,#2491,#2492);
#993=EDGE_LOOP('',(#2493,#2494,#2495,#2496));
#994=AXIS2_PLACEMENT_3D('',#2497,#2498,#2499);
#995=CIRCLE('',#2500,0.35);
#996=CIRCLE('',#2501,0.35);
#997=CIRCLE('',#2502,0.35);
#998=CIRCLE('',#2503,0.35);
#999=CIRCLE('',#2504,0.35);
#1000=CIRCLE('',#2505,0.35);
#1001=CIRCLE('',#2506,0.35);
#1002=CIRCLE('',#2507,0.35);
#1003=ORIENTED_EDGE('',*,*,#2508,.F.);
#1004=ORIENTED_EDGE('',*,*,#2509,.F.);
#1005=ORIENTED_EDGE('',*,*,#2510,.F.);
#1006=ORIENTED_EDGE('',*,*,#2511,.T.);
#1007=CARTESIAN_POINT('',(4.775,2.45,6.15));
#1008=DIRECTION('',(-1.0,0.0,-0.0));
#1009=DIRECTION('',(0.0,0.0,-1.0));
#1010=ORIENTED_EDGE('',*,*,#2512,.F.);
#1011=ORIENTED_EDGE('',*,*,#2513,.F.);
#1012=ORIENTED_EDGE('',*,*,#2514,.F.);
#1013=ORIENTED_EDGE('',*,*,#2515,.T.);
#1014=CARTESIAN_POINT('',(3.775,2.45,6.15));
#1015=DIRECTION('',(-1.0,0.0,-0.0));
#1016=DIRECTION('',(0.0,0.0,-1.0));
#1017=ORIENTED_EDGE('',*,*,#2516,.F.);
#1018=ORIENTED_EDGE('',*,*,#2517,.F.);
#1019=ORIENTED_EDGE('',*,*,#2518,.T.);
#1020=ORIENTED_EDGE('',*,*,#2519,.T.);
#1021=CARTESIAN_POINT('',(3.775,2.45,6.15));
#1022=DIRECTION('',(-1.0,0.0,-0.0));
#1023=DIRECTION('',(0.0,0.0,-1.0));
#1024=ORIENTED_EDGE('',*,*,#2520,.F.);
#1025=ORIENTED_EDGE('',*,*,#2521,.F.);
#1026=ORIENTED_EDGE('',*,*,#2522,.F.);
#1027=ORIENTED_EDGE('',*,*,#2523,.T.);
#1028=CARTESIAN_POINT('',(2.775,2.45,6.15));
#1029=DIRECTION('',(-1.0,0.0,-0.0));
#1030=DIRECTION('',(0.0,0.0,-1.0));
#1031=ORIENTED_EDGE('',*,*,#2524,.F.);
#1032=ORIENTED_EDGE('',*,*,#2525,.F.);
#1033=ORIENTED_EDGE('',*,*,#2526,.T.);
#1034=ORIENTED_EDGE('',*,*,#2527,.T.);
#1035=CARTESIAN_POINT('',(2.775,2.45,6.15));
#1036=DIRECTION('',(-1.0,0.0,-0.0));
#1037=DIRECTION('',(0.0,0.0,-1.0));
#1038=ORIENTED_EDGE('',*,*,#2528,.F.);
#1039=ORIENTED_EDGE('',*,*,#2529,.F.);
#1040=ORIENTED_EDGE('',*,*,#2530,.T.);
#1041=ORIENTED_EDGE('',*,*,#2531,.T.);
#1042=CARTESIAN_POINT('',(4.775,2.45,6.15));
#1043=DIRECTION('',(-1.0,0.0,-0.0));
#1044=DIRECTION('',(0.0,0.0,-1.0));
#1045=ORIENTED_EDGE('',*,*,#2532,.F.);
#1046=ORIENTED_EDGE('',*,*,#2533,.F.);
#1047=ORIENTED_EDGE('',*,*,#2534,.F.);
#1048=ORIENTED_EDGE('',*,*,#2535,.T.);
#1049=CARTESIAN_POINT('',(1.775,2.45,6.15));
#1050=DIRECTION('',(-1.0,0.0,-0.0));
#1051=DIRECTION('',(0.0,0.0,-1.0));
#1052=ORIENTED_EDGE('',*,*,#2536,.F.);
#1053=ORIENTED_EDGE('',*,*,#2537,.F.);
#1054=ORIENTED_EDGE('',*,*,#2538,.T.);
#1055=ORIENTED_EDGE('',*,*,#2539,.T.);
#1056=CARTESIAN_POINT('',(1.775,2.45,6.15));
#1057=DIRECTION('',(-1.0,0.0,-0.0));
#1058=DIRECTION('',(0.0,0.0,-1.0));
#1059=ORIENTED_EDGE('',*,*,#2540,.F.);
#1060=ORIENTED_EDGE('',*,*,#2541,.F.);
#1061=ORIENTED_EDGE('',*,*,#2542,.T.);
#1062=ORIENTED_EDGE('',*,*,#2543,.T.);
#1063=CARTESIAN_POINT('',(0.0,0.0,0.0));
#1064=DIRECTION('',(0.0,0.0,1.0));
#1065=DIRECTION('',(1.0,0.0,0.0));
#1066=ORIENTED_EDGE('',*,*,#2544,.T.);
#1067=ORIENTED_EDGE('',*,*,#2545,.F.);
#1068=ORIENTED_EDGE('',*,*,#2546,.F.);
#1069=ORIENTED_EDGE('',*,*,#2547,.T.);
#1070=CARTESIAN_POINT('',(0.0,0.0,0.0));
#1071=DIRECTION('',(0.0,0.0,1.0));
#1072=DIRECTION('',(1.0,0.0,0.0));
#1073=ORIENTED_EDGE('',*,*,#2548,.T.);
#1074=ORIENTED_EDGE('',*,*,#2549,.F.);
#1075=ORIENTED_EDGE('',*,*,#2550,.F.);
#1076=ORIENTED_EDGE('',*,*,#2551,.T.);
#1077=CARTESIAN_POINT('',(0.975,0.0,0.0));
#1078=DIRECTION('',(1.0,0.0,0.0));
#1079=DIRECTION('',(0.0,1.0,0.0));
#1080=ORIENTED_EDGE('',*,*,#2552,.T.);
#1081=ORIENTED_EDGE('',*,*,#2553,.T.);
#1082=ORIENTED_EDGE('',*,*,#2554,.F.);
#1083=ORIENTED_EDGE('',*,*,#2555,.F.);
#1084=ORIENTED_EDGE('',*,*,#2543,.F.);
#1085=ORIENTED_EDGE('',*,*,#2556,.F.);
#1086=ORIENTED_EDGE('',*,*,#2557,.F.);
#1087=ORIENTED_EDGE('',*,*,#2558,.F.);
#1088=CARTESIAN_POINT('',(0.975,0.0,0.0));
#1089=DIRECTION('',(1.0,0.0,0.0));
#1090=DIRECTION('',(0.0,1.0,0.0));
#1091=ORIENTED_EDGE('',*,*,#2559,.F.);
#1092=ORIENTED_EDGE('',*,*,#2560,.F.);
#1093=ORIENTED_EDGE('',*,*,#2561,.F.);
#1094=ORIENTED_EDGE('',*,*,#2562,.T.);
#1095=ORIENTED_EDGE('',*,*,#2563,.F.);
#1096=CARTESIAN_POINT('',(0.975,0.0,0.0));
#1097=DIRECTION('',(1.0,0.0,0.0));
#1098=DIRECTION('',(0.0,1.0,0.0));
#1099=ORIENTED_EDGE('',*,*,#2564,.F.);
#1100=ORIENTED_EDGE('',*,*,#2565,.F.);
#1101=ORIENTED_EDGE('',*,*,#2566,.F.);
#1102=ORIENTED_EDGE('',*,*,#2551,.F.);
#1103=CARTESIAN_POINT('',(2.0,0.5,5.2));
#1104=DIRECTION('',(0.0,0.0,1.0));
#1105=DIRECTION('',(1.0,0.0,0.0));
#1106=ORIENTED_EDGE('',*,*,#2567,.T.);
#1107=ORIENTED_EDGE('',*,*,#2568,.F.);
#1108=ORIENTED_EDGE('',*,*,#2569,.F.);
#1109=ORIENTED_EDGE('',*,*,#2570,.T.);
#1110=ORIENTED_EDGE('',*,*,#2571,.F.);
#1111=ORIENTED_EDGE('',*,*,#2548,.F.);
#1112=ORIENTED_EDGE('',*,*,#2566,.T.);
#1113=ORIENTED_EDGE('',*,*,#2572,.F.);
#1114=ORIENTED_EDGE('',*,*,#2573,.F.);
#1115=ORIENTED_EDGE('',*,*,#2553,.F.);
#1116=ORIENTED_EDGE('',*,*,#2574,.F.);
#1117=ORIENTED_EDGE('',*,*,#2575,.F.);
#1118=ORIENTED_EDGE('',*,*,#2576,.T.);
#1119=ORIENTED_EDGE('',*,*,#2577,.T.);
#1120=ORIENTED_EDGE('',*,*,#2578,.F.);
#1121=ORIENTED_EDGE('',*,*,#2579,.F.);
#1122=ORIENTED_EDGE('',*,*,#2580,.T.);
#1123=ORIENTED_EDGE('',*,*,#2581,.T.);
#1124=ORIENTED_EDGE('',*,*,#2582,.F.);
#1125=ORIENTED_EDGE('',*,*,#2583,.F.);
#1126=CARTESIAN_POINT('',(0.975,0.5,0.0));
#1127=DIRECTION('',(0.0,-1.0,0.0));
#1128=DIRECTION('',(0.0,0.0,-1.0));
#1129=ORIENTED_EDGE('',*,*,#2584,.F.);
#1130=ORIENTED_EDGE('',*,*,#2585,.F.);
#1131=ORIENTED_EDGE('',*,*,#2586,.F.);
#1132=ORIENTED_EDGE('',*,*,#2587,.F.);
#1133=ORIENTED_EDGE('',*,*,#2588,.F.);
#1134=ORIENTED_EDGE('',*,*,#2589,.F.);
#1135=CARTESIAN_POINT('',(3.775,0.5,2.17));
#1136=DIRECTION('',(1.0,0.0,0.0));
#1137=DIRECTION('',(0.0,1.0,0.0));
#1138=ORIENTED_EDGE('',*,*,#2590,.F.);
#1139=ORIENTED_EDGE('',*,*,#2591,.F.);
#1140=ORIENTED_EDGE('',*,*,#2592,.F.);
#1141=ORIENTED_EDGE('',*,*,#2593,.F.);
#1142=ORIENTED_EDGE('',*,*,#2594,.F.);
#1143=ORIENTED_EDGE('',*,*,#2595,.F.);
#1144=ORIENTED_EDGE('',*,*,#2596,.F.);
#1145=ORIENTED_EDGE('',*,*,#2597,.F.);
#1146=ORIENTED_EDGE('',*,*,#2598,.F.);
#1147=ORIENTED_EDGE('',*,*,#2583,.T.);
#1148=CARTESIAN_POINT('',(3.775,0.5,2.17));
#1149=DIRECTION('',(1.0,0.0,0.0));
#1150=DIRECTION('',(0.0,1.0,0.0));
#1151=ORIENTED_EDGE('',*,*,#2599,.F.);
#1152=ORIENTED_EDGE('',*,*,#2600,.F.);
#1153=ORIENTED_EDGE('',*,*,#2601,.F.);
#1154=ORIENTED_EDGE('',*,*,#2602,.F.);
#1155=ORIENTED_EDGE('',*,*,#2603,.F.);
#1156=ORIENTED_EDGE('',*,*,#2604,.F.);
#1157=CARTESIAN_POINT('',(6.025,2.05,6.7));
#1158=DIRECTION('',(-0.0,1.0,0.0));
#1159=DIRECTION('',(1.0,0.0,0.0));
#1160=ORIENTED_EDGE('',*,*,#2605,.T.);
#1161=ORIENTED_EDGE('',*,*,#2606,.T.);
#1162=ORIENTED_EDGE('',*,*,#2607,.T.);
#1163=ORIENTED_EDGE('',*,*,#2608,.F.);
#1164=ORIENTED_EDGE('',*,*,#2609,.T.);
#1165=ORIENTED_EDGE('',*,*,#2610,.F.);
#1166=ORIENTED_EDGE('',*,*,#2611,.T.);
#1167=ORIENTED_EDGE('',*,*,#2612,.F.);
#1168=CARTESIAN_POINT('',(6.025,2.05,6.7));
#1169=DIRECTION('',(-0.0,1.0,0.0));
#1170=DIRECTION('',(1.0,0.0,0.0));
#1171=ORIENTED_EDGE('',*,*,#2613,.T.);
#1172=ORIENTED_EDGE('',*,*,#2589,.T.);
#1173=ORIENTED_EDGE('',*,*,#2614,.T.);
#1174=ORIENTED_EDGE('',*,*,#2615,.F.);
#1175=ORIENTED_EDGE('',*,*,#2616,.T.);
#1176=ORIENTED_EDGE('',*,*,#2617,.F.);
#1177=ORIENTED_EDGE('',*,*,#2618,.T.);
#1178=ORIENTED_EDGE('',*,*,#2619,.F.);
#1179=CARTESIAN_POINT('',(6.025,2.05,6.7));
#1180=DIRECTION('',(-0.0,1.0,0.0));
#1181=DIRECTION('',(1.0,0.0,0.0));
#1182=ORIENTED_EDGE('',*,*,#2620,.T.);
#1183=ORIENTED_EDGE('',*,*,#2621,.T.);
#1184=ORIENTED_EDGE('',*,*,#2622,.T.);
#1185=ORIENTED_EDGE('',*,*,#2623,.F.);
#1186=ORIENTED_EDGE('',*,*,#2624,.T.);
#1187=ORIENTED_EDGE('',*,*,#2625,.F.);
#1188=ORIENTED_EDGE('',*,*,#2626,.T.);
#1189=ORIENTED_EDGE('',*,*,#2627,.F.);
#1190=CARTESIAN_POINT('',(6.025,2.05,6.7));
#1191=DIRECTION('',(-0.0,1.0,0.0));
#1192=DIRECTION('',(1.0,0.0,0.0));
#1193=ORIENTED_EDGE('',*,*,#2628,.T.);
#1194=ORIENTED_EDGE('',*,*,#2629,.T.);
#1195=ORIENTED_EDGE('',*,*,#2630,.T.);
#1196=ORIENTED_EDGE('',*,*,#2631,.F.);
#1197=ORIENTED_EDGE('',*,*,#2559,.T.);
#1198=ORIENTED_EDGE('',*,*,#2632,.F.);
#1199=CARTESIAN_POINT('',(6.025,2.05,6.7));
#1200=DIRECTION('',(-0.0,1.0,0.0));
#1201=DIRECTION('',(1.0,0.0,0.0));
#1202=ORIENTED_EDGE('',*,*,#2633,.T.);
#1203=ORIENTED_EDGE('',*,*,#2634,.F.);
#1204=ORIENTED_EDGE('',*,*,#2604,.T.);
#1205=ORIENTED_EDGE('',*,*,#2635,.T.);
#1206=ORIENTED_EDGE('',*,*,#2636,.F.);
#1207=ORIENTED_EDGE('',*,*,#2637,.T.);
#1208=ORIENTED_EDGE('',*,*,#2612,.T.);
#1209=ORIENTED_EDGE('',*,*,#2638,.T.);
#1210=ORIENTED_EDGE('',*,*,#2639,.F.);
#1211=ORIENTED_EDGE('',*,*,#2640,.T.);
#1212=ORIENTED_EDGE('',*,*,#2619,.T.);
#1213=ORIENTED_EDGE('',*,*,#2641,.T.);
#1214=ORIENTED_EDGE('',*,*,#2642,.F.);
#1215=ORIENTED_EDGE('',*,*,#2643,.T.);
#1216=ORIENTED_EDGE('',*,*,#2627,.T.);
#1217=ORIENTED_EDGE('',*,*,#2644,.T.);
#1218=ORIENTED_EDGE('',*,*,#2645,.F.);
#1219=ORIENTED_EDGE('',*,*,#2646,.T.);
#1220=ORIENTED_EDGE('',*,*,#2632,.T.);
#1221=ORIENTED_EDGE('',*,*,#2563,.T.);
#1222=CARTESIAN_POINT('',(7.0,0.0,3.0));
#1223=DIRECTION('',(0.0,0.0,-1.0));
#1224=DIRECTION('',(0.0,-1.0,0.0));
#1225=ORIENTED_EDGE('',*,*,#2647,.T.);
#1226=ORIENTED_EDGE('',*,*,#2648,.T.);
#1227=ORIENTED_EDGE('',*,*,#2649,.T.);
#1228=ORIENTED_EDGE('',*,*,#2650,.T.);
#1229=CARTESIAN_POINT('',(7.0,0.0,3.0));
#1230=DIRECTION('',(0.0,0.0,-1.0));
#1231=DIRECTION('',(0.0,-1.0,0.0));
#1232=ORIENTED_EDGE('',*,*,#2651,.T.);
#1233=ORIENTED_EDGE('',*,*,#2652,.T.);
#1234=ORIENTED_EDGE('',*,*,#2653,.T.);
#1235=ORIENTED_EDGE('',*,*,#2654,.T.);
#1236=CARTESIAN_POINT('',(7.0,0.0,3.0));
#1237=DIRECTION('',(0.0,0.0,-1.0));
#1238=DIRECTION('',(0.0,-1.0,0.0));
#1239=ORIENTED_EDGE('',*,*,#2655,.T.);
#1240=ORIENTED_EDGE('',*,*,#2656,.T.);
#1241=ORIENTED_EDGE('',*,*,#2657,.T.);
#1242=ORIENTED_EDGE('',*,*,#2658,.T.);
#1243=CARTESIAN_POINT('',(7.0,0.0,3.0));
#1244=DIRECTION('',(0.0,0.0,-1.0));
#1245=DIRECTION('',(0.0,-1.0,0.0));
#1246=ORIENTED_EDGE('',*,*,#2659,.T.);
#1247=ORIENTED_EDGE('',*,*,#2660,.T.);
#1248=ORIENTED_EDGE('',*,*,#2661,.T.);
#1249=ORIENTED_EDGE('',*,*,#2662,.T.);
#1250=CARTESIAN_POINT('',(7.0,0.0,3.0));
#1251=DIRECTION('',(0.0,0.0,-1.0));
#1252=DIRECTION('',(0.0,-1.0,0.0));
#1253=ORIENTED_EDGE('',*,*,#2663,.F.);
#1254=ORIENTED_EDGE('',*,*,#2664,.T.);
#1255=ORIENTED_EDGE('',*,*,#2665,.T.);
#1256=ORIENTED_EDGE('',*,*,#2630,.F.);
#1257=ORIENTED_EDGE('',*,*,#2666,.T.);
#1258=ORIENTED_EDGE('',*,*,#2667,.F.);
#1259=ORIENTED_EDGE('',*,*,#2535,.F.);
#1260=ORIENTED_EDGE('',*,*,#2668,.F.);
#1261=ORIENTED_EDGE('',*,*,#2650,.F.);
#1262=CARTESIAN_POINT('',(1.775,3.1,6.7));
#1263=DIRECTION('',(-1.0,0.0,0.0));
#1264=DIRECTION('',(0.0,0.0,1.0));
#1265=ORIENTED_EDGE('',*,*,#2537,.T.);
#1266=ORIENTED_EDGE('',*,*,#2669,.T.);
#1267=ORIENTED_EDGE('',*,*,#2670,.F.);
#1268=ORIENTED_EDGE('',*,*,#2628,.F.);
#1269=ORIENTED_EDGE('',*,*,#2646,.F.);
#1270=ORIENTED_EDGE('',*,*,#2671,.T.);
#1271=CARTESIAN_POINT('',(1.775,3.1,6.7));
#1272=DIRECTION('',(-1.0,0.0,0.0));
#1273=DIRECTION('',(0.0,0.0,1.0));
#1274=ORIENTED_EDGE('',*,*,#2668,.T.);
#1275=ORIENTED_EDGE('',*,*,#2534,.T.);
#1276=ORIENTED_EDGE('',*,*,#2672,.F.);
#1277=ORIENTED_EDGE('',*,*,#2647,.F.);
#1278=CARTESIAN_POINT('',(1.775,2.9,2.37));
#1279=DIRECTION('',(-0.0,1.0,0.0));
#1280=DIRECTION('',(1.0,0.0,0.0));
#1281=ORIENTED_EDGE('',*,*,#2626,.F.);
#1282=ORIENTED_EDGE('',*,*,#2673,.T.);
#1283=ORIENTED_EDGE('',*,*,#2674,.F.);
#1284=ORIENTED_EDGE('',*,*,#2539,.F.);
#1285=ORIENTED_EDGE('',*,*,#2675,.T.);
#1286=ORIENTED_EDGE('',*,*,#2644,.F.);
#1287=CARTESIAN_POINT('',(2.225,2.05,6.7));
#1288=DIRECTION('',(1.0,0.0,0.0));
#1289=DIRECTION('',(0.0,1.0,0.0));
#1290=ORIENTED_EDGE('',*,*,#2672,.T.);
#1291=ORIENTED_EDGE('',*,*,#2533,.T.);
#1292=ORIENTED_EDGE('',*,*,#2676,.T.);
#1293=ORIENTED_EDGE('',*,*,#2677,.F.);
#1294=ORIENTED_EDGE('',*,*,#2624,.F.);
#1295=ORIENTED_EDGE('',*,*,#2678,.F.);
#1296=ORIENTED_EDGE('',*,*,#2679,.T.);
#1297=ORIENTED_EDGE('',*,*,#2680,.T.);
#1298=ORIENTED_EDGE('',*,*,#2648,.F.);
#1299=CARTESIAN_POINT('',(2.225,2.05,6.7));
#1300=DIRECTION('',(1.0,0.0,0.0));
#1301=DIRECTION('',(0.0,1.0,0.0));
#1302=ORIENTED_EDGE('',*,*,#2675,.F.);
#1303=ORIENTED_EDGE('',*,*,#2538,.F.);
#1304=ORIENTED_EDGE('',*,*,#2671,.F.);
#1305=ORIENTED_EDGE('',*,*,#2645,.T.);
#1306=CARTESIAN_POINT('',(1.775,2.7,6.15));
#1307=DIRECTION('',(0.0,-1.0,0.0));
#1308=DIRECTION('',(0.0,0.0,-1.0));
#1309=ORIENTED_EDGE('',*,*,#2536,.T.);
#1310=ORIENTED_EDGE('',*,*,#2674,.T.);
#1311=ORIENTED_EDGE('',*,*,#2681,.F.);
#1312=ORIENTED_EDGE('',*,*,#2669,.F.);
#1313=CARTESIAN_POINT('',(1.775,2.45,6.15));
#1314=DIRECTION('',(-1.0,0.0,-0.0));
#1315=DIRECTION('',(0.0,0.0,-1.0));
#1316=ORIENTED_EDGE('',*,*,#2681,.T.);
#1317=ORIENTED_EDGE('',*,*,#2673,.F.);
#1318=ORIENTED_EDGE('',*,*,#2682,.F.);
#1319=ORIENTED_EDGE('',*,*,#2683,.F.);
#1320=ORIENTED_EDGE('',*,*,#2684,.T.);
#1321=ORIENTED_EDGE('',*,*,#2670,.T.);
#1322=CARTESIAN_POINT('',(1.775,1.252645300474,4.47));
#1323=DIRECTION('',(0.0,0.878670486912871,-0.477428712404584));
#1324=DIRECTION('',(-1.0,0.0,0.0));
#1325=ORIENTED_EDGE('',*,*,#2684,.F.);
#1326=ORIENTED_EDGE('',*,*,#2685,.F.);
#1327=ORIENTED_EDGE('',*,*,#2686,.F.);
#1328=ORIENTED_EDGE('',*,*,#2687,.F.);
#1329=ORIENTED_EDGE('',*,*,#2688,.F.);
#1330=ORIENTED_EDGE('',*,*,#2629,.F.);
#1331=CARTESIAN_POINT('',(1.775,0.5,2.17));
#1332=DIRECTION('',(1.0,0.0,0.0));
#1333=DIRECTION('',(0.0,1.0,0.0));
#1334=ORIENTED_EDGE('',*,*,#2689,.F.);
#1335=ORIENTED_EDGE('',*,*,#2690,.F.);
#1336=ORIENTED_EDGE('',*,*,#2691,.F.);
#1337=ORIENTED_EDGE('',*,*,#2692,.F.);
#1338=ORIENTED_EDGE('',*,*,#2693,.F.);
#1339=ORIENTED_EDGE('',*,*,#2694,.F.);
#1340=ORIENTED_EDGE('',*,*,#2695,.F.);
#1341=ORIENTED_EDGE('',*,*,#2696,.F.);
#1342=ORIENTED_EDGE('',*,*,#2697,.F.);
#1343=ORIENTED_EDGE('',*,*,#2579,.T.);
#1344=CARTESIAN_POINT('',(1.775,0.5,2.17));
#1345=DIRECTION('',(1.0,0.0,0.0));
#1346=DIRECTION('',(0.0,1.0,0.0));
#1347=ORIENTED_EDGE('',*,*,#2688,.T.);
#1348=ORIENTED_EDGE('',*,*,#2698,.T.);
#1349=ORIENTED_EDGE('',*,*,#2699,.F.);
#1350=ORIENTED_EDGE('',*,*,#2677,.T.);
#1351=ORIENTED_EDGE('',*,*,#2700,.F.);
#1352=ORIENTED_EDGE('',*,*,#2666,.F.);
#1353=CARTESIAN_POINT('',(1.775,2.054598280889,6.364842920582));
#1354=DIRECTION('',(0.0,-0.878670486912871,0.477428712404584));
#1355=DIRECTION('',(-1.0,0.0,0.0));
#1356=ORIENTED_EDGE('',*,*,#2532,.T.);
#1357=ORIENTED_EDGE('',*,*,#2667,.T.);
#1358=ORIENTED_EDGE('',*,*,#2700,.T.);
#1359=ORIENTED_EDGE('',*,*,#2676,.F.);
#1360=CARTESIAN_POINT('',(1.775,2.45,6.15));
#1361=DIRECTION('',(-1.0,0.0,-0.0));
#1362=DIRECTION('',(0.0,0.0,-1.0));
#1363=ORIENTED_EDGE('',*,*,#2699,.T.);
#1364=ORIENTED_EDGE('',*,*,#2701,.T.);
#1365=ORIENTED_EDGE('',*,*,#2702,.T.);
#1366=ORIENTED_EDGE('',*,*,#2703,.T.);
#1367=ORIENTED_EDGE('',*,*,#2682,.T.);
#1368=ORIENTED_EDGE('',*,*,#2625,.T.);
#1369=CARTESIAN_POINT('',(2.225,0.5,2.17));
#1370=DIRECTION('',(1.0,0.0,0.0));
#1371=DIRECTION('',(0.0,1.0,0.0));
#1372=ORIENTED_EDGE('',*,*,#2704,.T.);
#1373=ORIENTED_EDGE('',*,*,#2705,.T.);
#1374=ORIENTED_EDGE('',*,*,#2706,.T.);
#1375=ORIENTED_EDGE('',*,*,#2707,.T.);
#1376=ORIENTED_EDGE('',*,*,#2708,.T.);
#1377=ORIENTED_EDGE('',*,*,#2709,.T.);
#1378=ORIENTED_EDGE('',*,*,#2710,.T.);
#1379=ORIENTED_EDGE('',*,*,#2711,.T.);
#1380=ORIENTED_EDGE('',*,*,#2712,.T.);
#1381=ORIENTED_EDGE('',*,*,#2577,.F.);
#1382=CARTESIAN_POINT('',(2.225,0.5,2.17));
#1383=DIRECTION('',(1.0,0.0,0.0));
#1384=DIRECTION('',(0.0,1.0,0.0));
#1385=ORIENTED_EDGE('',*,*,#2683,.T.);
#1386=ORIENTED_EDGE('',*,*,#2703,.F.);
#1387=ORIENTED_EDGE('',*,*,#2713,.F.);
#1388=ORIENTED_EDGE('',*,*,#2685,.T.);
#1389=CARTESIAN_POINT('',(1.775,1.182351661521,4.508194296992));
#1390=DIRECTION('',(0.0,-0.477428712404584,-0.878670486912871));
#1391=DIRECTION('',(0.0,-0.878670486912871,0.477428712404584));
#1392=ORIENTED_EDGE('',*,*,#2713,.T.);
#1393=ORIENTED_EDGE('',*,*,#2702,.F.);
#1394=ORIENTED_EDGE('',*,*,#2714,.F.);
#1395=ORIENTED_EDGE('',*,*,#2686,.T.);
#1396=CARTESIAN_POINT('',(1.775,1.158612559402,4.648938078196));
#1397=DIRECTION('',(0.0,-0.986071885207768,-0.166319683750295));
#1398=DIRECTION('',(0.0,0.166319683750295,-0.986071885207768));
#1399=ORIENTED_EDGE('',*,*,#2714,.T.);
#1400=ORIENTED_EDGE('',*,*,#2701,.F.);
#1401=ORIENTED_EDGE('',*,*,#2698,.F.);
#1402=ORIENTED_EDGE('',*,*,#2687,.T.);
#1403=CARTESIAN_POINT('',(1.775,1.306523342183,4.673886030759));
#1404=DIRECTION('',(-1.0,0.0,-0.0));
#1405=DIRECTION('',(0.0,0.0,-1.0));
#1406=ORIENTED_EDGE('',*,*,#2712,.F.);
#1407=ORIENTED_EDGE('',*,*,#2715,.F.);
#1408=ORIENTED_EDGE('',*,*,#2689,.T.);
#1409=ORIENTED_EDGE('',*,*,#2578,.T.);
#1410=CARTESIAN_POINT('',(1.775,-0.4,2.07));
#1411=DIRECTION('',(0.0,0.0,-1.0));
#1412=DIRECTION('',(0.0,-1.0,0.0));
#1413=ORIENTED_EDGE('',*,*,#2715,.T.);
#1414=ORIENTED_EDGE('',*,*,#2711,.F.);
#1415=ORIENTED_EDGE('',*,*,#2716,.F.);
#1416=ORIENTED_EDGE('',*,*,#2690,.T.);
#1417=CARTESIAN_POINT('',(1.775,-1.3,1.62));
#1418=DIRECTION('',(0.0,0.447213595499998,-0.894427190999896));
#1419=DIRECTION('',(-1.0,0.0,0.0));
#1420=ORIENTED_EDGE('',*,*,#2716,.T.);
#1421=ORIENTED_EDGE('',*,*,#2710,.F.);
#1422=ORIENTED_EDGE('',*,*,#2717,.F.);
#1423=ORIENTED_EDGE('',*,*,#2691,.T.);
#1424=CARTESIAN_POINT('',(1.775,-3.0,2.07));
#1425=DIRECTION('',(0.0,-0.255892560316302,-0.966705227861507));
#1426=DIRECTION('',(0.0,-0.966705227861507,0.255892560316302));
#1427=ORIENTED_EDGE('',*,*,#2717,.T.);
#1428=ORIENTED_EDGE('',*,*,#2709,.F.);
#1429=ORIENTED_EDGE('',*,*,#2718,.F.);
#1430=ORIENTED_EDGE('',*,*,#2692,.T.);
#1431=CARTESIAN_POINT('',(1.775,-3.2,2.07));
#1432=DIRECTION('',(0.0,0.0,-1.0));
#1433=DIRECTION('',(0.0,-1.0,0.0));
#1434=ORIENTED_EDGE('',*,*,#2718,.T.);
#1435=ORIENTED_EDGE('',*,*,#2708,.F.);
#1436=ORIENTED_EDGE('',*,*,#2719,.F.);
#1437=ORIENTED_EDGE('',*,*,#2693,.T.);
#1438=CARTESIAN_POINT('',(1.775,-3.2,2.27));
#1439=DIRECTION('',(0.0,-1.0,0.0));
#1440=DIRECTION('',(0.0,0.0,-1.0));
#1441=ORIENTED_EDGE('',*,*,#2719,.T.);
#1442=ORIENTED_EDGE('',*,*,#2707,.F.);
#1443=ORIENTED_EDGE('',*,*,#2720,.F.);
#1444=ORIENTED_EDGE('',*,*,#2694,.T.);
#1445=CARTESIAN_POINT('',(1.775,-3.0,2.27));
#1446=DIRECTION('',(0.0,0.0,1.0));
#1447=DIRECTION('',(1.0,0.0,0.0));
#1448=ORIENTED_EDGE('',*,*,#2720,.T.);
#1449=ORIENTED_EDGE('',*,*,#2706,.F.);
#1450=ORIENTED_EDGE('',*,*,#2721,.F.);
#1451=ORIENTED_EDGE('',*,*,#2695,.T.);
#1452=CARTESIAN_POINT('',(1.775,-1.3,1.82));
#1453=DIRECTION('',(0.0,0.255892560316302,0.966705227861507));
#1454=DIRECTION('',(1.0,-0.0,0.0));
#1455=ORIENTED_EDGE('',*,*,#2721,.T.);
#1456=ORIENTED_EDGE('',*,*,#2705,.F.);
#1457=ORIENTED_EDGE('',*,*,#2722,.F.);
#1458=ORIENTED_EDGE('',*,*,#2696,.T.);
#1459=CARTESIAN_POINT('',(1.775,-0.4,2.27));
#1460=DIRECTION('',(0.0,-0.447213595499998,0.894427190999896));
#1461=DIRECTION('',(-1.0,0.0,0.0));
#1462=ORIENTED_EDGE('',*,*,#2697,.T.);
#1463=ORIENTED_EDGE('',*,*,#2722,.T.);
#1464=ORIENTED_EDGE('',*,*,#2704,.F.);
#1465=ORIENTED_EDGE('',*,*,#2576,.F.);
#1466=CARTESIAN_POINT('',(1.775,2.6,2.27));
#1467=DIRECTION('',(0.0,0.0,1.0));
#1468=DIRECTION('',(1.0,0.0,0.0));
#1469=ORIENTED_EDGE('',*,*,#2680,.F.);
#1470=ORIENTED_EDGE('',*,*,#2723,.T.);
#1471=ORIENTED_EDGE('',*,*,#2663,.T.);
#1472=ORIENTED_EDGE('',*,*,#2649,.F.);
#1473=CARTESIAN_POINT('',(2.225,3.1,6.7));
#1474=DIRECTION('',(-0.0,1.0,0.0));
#1475=DIRECTION('',(1.0,0.0,0.0));
#1476=ORIENTED_EDGE('',*,*,#2724,.T.);
#1477=ORIENTED_EDGE('',*,*,#2549,.T.);
#1478=ORIENTED_EDGE('',*,*,#2571,.T.);
#1479=ORIENTED_EDGE('',*,*,#2725,.T.);
#1480=ORIENTED_EDGE('',*,*,#2726,.T.);
#1481=ORIENTED_EDGE('',*,*,#2727,.T.);
#1482=ORIENTED_EDGE('',*,*,#2728,.T.);
#1483=ORIENTED_EDGE('',*,*,#2729,.T.);
#1484=ORIENTED_EDGE('',*,*,#2730,.T.);
#1485=ORIENTED_EDGE('',*,*,#2731,.F.);
#1486=ORIENTED_EDGE('',*,*,#2732,.F.);
#1487=ORIENTED_EDGE('',*,*,#2733,.T.);
#1488=ORIENTED_EDGE('',*,*,#2734,.T.);
#1489=ORIENTED_EDGE('',*,*,#2735,.T.);
#1490=ORIENTED_EDGE('',*,*,#2736,.T.);
#1491=ORIENTED_EDGE('',*,*,#2737,.T.);
#1492=ORIENTED_EDGE('',*,*,#2664,.F.);
#1493=ORIENTED_EDGE('',*,*,#2723,.F.);
#1494=ORIENTED_EDGE('',*,*,#2679,.F.);
#1495=ORIENTED_EDGE('',*,*,#2738,.T.);
#1496=ORIENTED_EDGE('',*,*,#2739,.F.);
#1497=ORIENTED_EDGE('',*,*,#2740,.F.);
#1498=ORIENTED_EDGE('',*,*,#2741,.F.);
#1499=ORIENTED_EDGE('',*,*,#2742,.T.);
#1500=ORIENTED_EDGE('',*,*,#2743,.F.);
#1501=ORIENTED_EDGE('',*,*,#2744,.F.);
#1502=ORIENTED_EDGE('',*,*,#2745,.F.);
#1503=ORIENTED_EDGE('',*,*,#2746,.T.);
#1504=ORIENTED_EDGE('',*,*,#2747,.F.);
#1505=CARTESIAN_POINT('',(0.0,0.0,6.7));
#1506=DIRECTION('',(0.0,0.0,1.0));
#1507=DIRECTION('',(1.0,0.0,0.0));
#1508=ORIENTED_EDGE('',*,*,#2748,.T.);
#1509=ORIENTED_EDGE('',*,*,#2749,.T.);
#1510=ORIENTED_EDGE('',*,*,#2750,.T.);
#1511=ORIENTED_EDGE('',*,*,#2541,.T.);
#1512=ORIENTED_EDGE('',*,*,#2751,.T.);
#1513=ORIENTED_EDGE('',*,*,#2730,.F.);
#1514=ORIENTED_EDGE('',*,*,#2752,.F.);
#1515=ORIENTED_EDGE('',*,*,#2753,.T.);
#1516=CARTESIAN_POINT('',(0.0,3.1,0.0));
#1517=DIRECTION('',(-1.0,0.0,0.0));
#1518=DIRECTION('',(0.0,0.0,1.0));
#1519=ORIENTED_EDGE('',*,*,#2754,.T.);
#1520=ORIENTED_EDGE('',*,*,#2755,.F.);
#1521=ORIENTED_EDGE('',*,*,#2756,.T.);
#1522=ORIENTED_EDGE('',*,*,#2757,.T.);
#1523=ORIENTED_EDGE('',*,*,#2758,.T.);
#1524=ORIENTED_EDGE('',*,*,#2574,.T.);
#1525=ORIENTED_EDGE('',*,*,#2552,.F.);
#1526=ORIENTED_EDGE('',*,*,#2759,.F.);
#1527=ORIENTED_EDGE('',*,*,#2753,.F.);
#1528=ORIENTED_EDGE('',*,*,#2760,.F.);
#1529=ORIENTED_EDGE('',*,*,#2761,.T.);
#1530=ORIENTED_EDGE('',*,*,#2762,.T.);
#1531=ORIENTED_EDGE('',*,*,#2763,.F.);
#1532=ORIENTED_EDGE('',*,*,#2764,.F.);
#1533=ORIENTED_EDGE('',*,*,#2765,.T.);
#1534=ORIENTED_EDGE('',*,*,#2766,.T.);
#1535=ORIENTED_EDGE('',*,*,#2767,.F.);
#1536=ORIENTED_EDGE('',*,*,#2768,.F.);
#1537=ORIENTED_EDGE('',*,*,#2769,.T.);
#1538=CARTESIAN_POINT('',(7.0,3.6,1.9));
#1539=DIRECTION('',(0.0,0.0,1.0));
#1540=DIRECTION('',(1.0,0.0,0.0));
#1541=ORIENTED_EDGE('',*,*,#2770,.F.);
#1542=ORIENTED_EDGE('',*,*,#2771,.F.);
#1543=ORIENTED_EDGE('',*,*,#2772,.F.);
#1544=ORIENTED_EDGE('',*,*,#2773,.F.);
#1545=ORIENTED_EDGE('',*,*,#2774,.F.);
#1546=ORIENTED_EDGE('',*,*,#2606,.F.);
#1547=CARTESIAN_POINT('',(4.775,0.5,0.17));
#1548=DIRECTION('',(1.0,0.0,0.0));
#1549=DIRECTION('',(0.0,1.0,0.0));
#1550=ORIENTED_EDGE('',*,*,#2775,.F.);
#1551=ORIENTED_EDGE('',*,*,#2776,.F.);
#1552=ORIENTED_EDGE('',*,*,#2777,.F.);
#1553=ORIENTED_EDGE('',*,*,#2778,.F.);
#1554=ORIENTED_EDGE('',*,*,#2779,.F.);
#1555=ORIENTED_EDGE('',*,*,#2780,.F.);
#1556=ORIENTED_EDGE('',*,*,#2781,.F.);
#1557=ORIENTED_EDGE('',*,*,#2782,.F.);
#1558=ORIENTED_EDGE('',*,*,#2783,.F.);
#1559=ORIENTED_EDGE('',*,*,#2784,.F.);
#1560=ORIENTED_EDGE('',*,*,#2785,.F.);
#1561=ORIENTED_EDGE('',*,*,#2786,.F.);
#1562=ORIENTED_EDGE('',*,*,#2787,.F.);
#1563=ORIENTED_EDGE('',*,*,#2769,.F.);
#1564=CARTESIAN_POINT('',(4.775,0.5,0.17));
#1565=DIRECTION('',(1.0,0.0,0.0));
#1566=DIRECTION('',(0.0,1.0,0.0));
#1567=ORIENTED_EDGE('',*,*,#2774,.T.);
#1568=ORIENTED_EDGE('',*,*,#2788,.T.);
#1569=ORIENTED_EDGE('',*,*,#2789,.F.);
#1570=ORIENTED_EDGE('',*,*,#2790,.T.);
#1571=ORIENTED_EDGE('',*,*,#2791,.F.);
#1572=ORIENTED_EDGE('',*,*,#2792,.F.);
#1573=CARTESIAN_POINT('',(4.775,2.054598280889,6.364842920582));
#1574=DIRECTION('',(0.0,-0.878670486912848,0.477428712404626));
#1575=DIRECTION('',(-1.0,0.0,0.0));
#1576=ORIENTED_EDGE('',*,*,#2793,.F.);
#1577=ORIENTED_EDGE('',*,*,#2747,.T.);
#1578=ORIENTED_EDGE('',*,*,#2794,.T.);
#1579=ORIENTED_EDGE('',*,*,#2607,.F.);
#1580=ORIENTED_EDGE('',*,*,#2792,.T.);
#1581=ORIENTED_EDGE('',*,*,#2795,.F.);
#1582=ORIENTED_EDGE('',*,*,#2511,.F.);
#1583=ORIENTED_EDGE('',*,*,#2796,.F.);
#1584=ORIENTED_EDGE('',*,*,#2662,.F.);
#1585=CARTESIAN_POINT('',(4.775,3.1,6.7));
#1586=DIRECTION('',(-1.0,0.0,0.0));
#1587=DIRECTION('',(0.0,0.0,1.0));
#1588=ORIENTED_EDGE('',*,*,#2637,.F.);
#1589=ORIENTED_EDGE('',*,*,#2797,.F.);
#1590=ORIENTED_EDGE('',*,*,#2529,.T.);
#1591=ORIENTED_EDGE('',*,*,#2798,.T.);
#1592=ORIENTED_EDGE('',*,*,#2799,.F.);
#1593=ORIENTED_EDGE('',*,*,#2605,.F.);
#1594=CARTESIAN_POINT('',(4.775,3.1,6.7));
#1595=DIRECTION('',(-1.0,0.0,0.0));
#1596=DIRECTION('',(0.0,0.0,1.0));
#1597=ORIENTED_EDGE('',*,*,#2796,.T.);
#1598=ORIENTED_EDGE('',*,*,#2510,.T.);
#1599=ORIENTED_EDGE('',*,*,#2800,.F.);
#1600=ORIENTED_EDGE('',*,*,#2659,.F.);
#1601=CARTESIAN_POINT('',(4.775,2.9,2.97));
#1602=DIRECTION('',(-0.0,1.0,0.0));
#1603=DIRECTION('',(1.0,0.0,0.0));
#1604=ORIENTED_EDGE('',*,*,#2603,.T.);
#1605=ORIENTED_EDGE('',*,*,#2801,.T.);
#1606=ORIENTED_EDGE('',*,*,#2802,.F.);
#1607=ORIENTED_EDGE('',*,*,#2531,.F.);
#1608=ORIENTED_EDGE('',*,*,#2803,.T.);
#1609=ORIENTED_EDGE('',*,*,#2635,.F.);
#1610=CARTESIAN_POINT('',(5.225,2.05,6.7));
#1611=DIRECTION('',(1.0,0.0,0.0));
#1612=DIRECTION('',(0.0,1.0,0.0));
#1613=ORIENTED_EDGE('',*,*,#2660,.F.);
#1614=ORIENTED_EDGE('',*,*,#2800,.T.);
#1615=ORIENTED_EDGE('',*,*,#2509,.T.);
#1616=ORIENTED_EDGE('',*,*,#2804,.T.);
#1617=ORIENTED_EDGE('',*,*,#2790,.F.);
#1618=ORIENTED_EDGE('',*,*,#2601,.T.);
#1619=ORIENTED_EDGE('',*,*,#2805,.F.);
#1620=ORIENTED_EDGE('',*,*,#2732,.T.);
#1621=ORIENTED_EDGE('',*,*,#2806,.T.);
#1622=CARTESIAN_POINT('',(5.225,2.05,6.7));
#1623=DIRECTION('',(1.0,0.0,0.0));
#1624=DIRECTION('',(0.0,1.0,0.0));
#1625=ORIENTED_EDGE('',*,*,#2803,.F.);
#1626=ORIENTED_EDGE('',*,*,#2530,.F.);
#1627=ORIENTED_EDGE('',*,*,#2797,.T.);
#1628=ORIENTED_EDGE('',*,*,#2636,.T.);
#1629=CARTESIAN_POINT('',(4.775,2.7,6.15));
#1630=DIRECTION('',(0.0,-1.0,0.0));
#1631=DIRECTION('',(0.0,0.0,-1.0));
#1632=ORIENTED_EDGE('',*,*,#2528,.T.);
#1633=ORIENTED_EDGE('',*,*,#2802,.T.);
#1634=ORIENTED_EDGE('',*,*,#2807,.F.);
#1635=ORIENTED_EDGE('',*,*,#2798,.F.);
#1636=CARTESIAN_POINT('',(4.775,2.45,6.15));
#1637=DIRECTION('',(-1.0,0.0,-0.0));
#1638=DIRECTION('',(0.0,0.0,-1.0));
#1639=ORIENTED_EDGE('',*,*,#2807,.T.);
#1640=ORIENTED_EDGE('',*,*,#2801,.F.);
#1641=ORIENTED_EDGE('',*,*,#2808,.F.);
#1642=ORIENTED_EDGE('',*,*,#2809,.F.);
#1643=ORIENTED_EDGE('',*,*,#2770,.T.);
#1644=ORIENTED_EDGE('',*,*,#2799,.T.);
#1645=CARTESIAN_POINT('',(4.775,1.252645300474,4.47));
#1646=DIRECTION('',(0.0,0.878670486912848,-0.477428712404626));
#1647=DIRECTION('',(-1.0,0.0,0.0));
#1648=ORIENTED_EDGE('',*,*,#2809,.T.);
#1649=ORIENTED_EDGE('',*,*,#2810,.F.);
#1650=ORIENTED_EDGE('',*,*,#2811,.F.);
#1651=ORIENTED_EDGE('',*,*,#2771,.T.);
#1652=CARTESIAN_POINT('',(4.775,1.182351661521,4.508194296992));
#1653=DIRECTION('',(0.0,-0.477428712404626,-0.878670486912848));
#1654=DIRECTION('',(0.0,-0.878670486912848,0.477428712404626));
#1655=ORIENTED_EDGE('',*,*,#2811,.T.);
#1656=ORIENTED_EDGE('',*,*,#2812,.F.);
#1657=ORIENTED_EDGE('',*,*,#2813,.F.);
#1658=ORIENTED_EDGE('',*,*,#2772,.T.);
#1659=CARTESIAN_POINT('',(4.775,1.158612559402,4.648938078196));
#1660=DIRECTION('',(0.0,-0.986071885207768,-0.166319683750295));
#1661=DIRECTION('',(0.0,0.166319683750295,-0.986071885207768));
#1662=ORIENTED_EDGE('',*,*,#2813,.T.);
#1663=ORIENTED_EDGE('',*,*,#2814,.F.);
#1664=ORIENTED_EDGE('',*,*,#2788,.F.);
#1665=ORIENTED_EDGE('',*,*,#2773,.T.);
#1666=CARTESIAN_POINT('',(4.775,1.306523342183,4.673886030759));
#1667=DIRECTION('',(-1.0,0.0,-0.0));
#1668=DIRECTION('',(0.0,0.0,-1.0));
#1669=ORIENTED_EDGE('',*,*,#2789,.T.);
#1670=ORIENTED_EDGE('',*,*,#2814,.T.);
#1671=ORIENTED_EDGE('',*,*,#2812,.T.);
#1672=ORIENTED_EDGE('',*,*,#2810,.T.);
#1673=ORIENTED_EDGE('',*,*,#2808,.T.);
#1674=ORIENTED_EDGE('',*,*,#2602,.T.);
#1675=CARTESIAN_POINT('',(5.225,0.5,0.17));
#1676=DIRECTION('',(1.0,0.0,0.0));
#1677=DIRECTION('',(0.0,1.0,0.0));
#1678=ORIENTED_EDGE('',*,*,#2815,.T.);
#1679=ORIENTED_EDGE('',*,*,#2816,.T.);
#1680=ORIENTED_EDGE('',*,*,#2817,.T.);
#1681=ORIENTED_EDGE('',*,*,#2818,.T.);
#1682=ORIENTED_EDGE('',*,*,#2819,.T.);
#1683=ORIENTED_EDGE('',*,*,#2820,.T.);
#1684=ORIENTED_EDGE('',*,*,#2821,.T.);
#1685=ORIENTED_EDGE('',*,*,#2822,.T.);
#1686=ORIENTED_EDGE('',*,*,#2823,.T.);
#1687=ORIENTED_EDGE('',*,*,#2824,.T.);
#1688=ORIENTED_EDGE('',*,*,#2825,.T.);
#1689=ORIENTED_EDGE('',*,*,#2826,.T.);
#1690=ORIENTED_EDGE('',*,*,#2827,.T.);
#1691=ORIENTED_EDGE('',*,*,#2767,.T.);
#1692=CARTESIAN_POINT('',(5.225,0.5,0.17));
#1693=DIRECTION('',(1.0,0.0,0.0));
#1694=DIRECTION('',(0.0,1.0,0.0));
#1695=ORIENTED_EDGE('',*,*,#2827,.F.);
#1696=ORIENTED_EDGE('',*,*,#2828,.F.);
#1697=ORIENTED_EDGE('',*,*,#2775,.T.);
#1698=ORIENTED_EDGE('',*,*,#2768,.T.);
#1699=CARTESIAN_POINT('',(4.775,2.0,0.37));
#1700=DIRECTION('',(-0.0,1.0,0.0));
#1701=DIRECTION('',(1.0,0.0,0.0));
#1702=ORIENTED_EDGE('',*,*,#2828,.T.);
#1703=ORIENTED_EDGE('',*,*,#2826,.F.);
#1704=ORIENTED_EDGE('',*,*,#2829,.F.);
#1705=ORIENTED_EDGE('',*,*,#2776,.T.);
#1706=CARTESIAN_POINT('',(4.775,1.7,0.37));
#1707=DIRECTION('',(-1.0,0.0,-0.0));
#1708=DIRECTION('',(0.0,0.0,-1.0));
#1709=ORIENTED_EDGE('',*,*,#2829,.T.);
#1710=ORIENTED_EDGE('',*,*,#2825,.F.);
#1711=ORIENTED_EDGE('',*,*,#2830,.F.);
#1712=ORIENTED_EDGE('',*,*,#2777,.T.);
#1713=CARTESIAN_POINT('',(4.775,-0.4,0.07119823991282));
#1714=DIRECTION('',(0.0,-0.00057059034179101,-0.999999837213318));
#1715=DIRECTION('',(0.0,-0.999999837213318,0.00057059034179101));
#1716=ORIENTED_EDGE('',*,*,#2830,.T.);
#1717=ORIENTED_EDGE('',*,*,#2824,.F.);
#1718=ORIENTED_EDGE('',*,*,#2831,.F.);
#1719=ORIENTED_EDGE('',*,*,#2778,.T.);
#1720=CARTESIAN_POINT('',(4.775,-1.3,0.5091661123397));
#1721=DIRECTION('',(0.0,-0.4375707695823,-0.899183975394999));
#1722=DIRECTION('',(0.0,-0.899183975394999,0.4375707695823));
#1723=ORIENTED_EDGE('',*,*,#2831,.T.);
#1724=ORIENTED_EDGE('',*,*,#2823,.F.);
#1725=ORIENTED_EDGE('',*,*,#2832,.F.);
#1726=ORIENTED_EDGE('',*,*,#2779,.T.);
#1727=CARTESIAN_POINT('',(4.775,-3.0,0.07119823991282));
#1728=DIRECTION('',(0.0,0.249481824141708,-0.968379481103831));
#1729=DIRECTION('',(-1.0,0.0,0.0));
#1730=ORIENTED_EDGE('',*,*,#2832,.T.);
#1731=ORIENTED_EDGE('',*,*,#2822,.F.);
#1732=ORIENTED_EDGE('',*,*,#2833,.F.);
#1733=ORIENTED_EDGE('',*,*,#2780,.T.);
#1734=CARTESIAN_POINT('',(4.775,-3.2,0.07119823991282));
#1735=DIRECTION('',(0.0,0.0,-1.0));
#1736=DIRECTION('',(0.0,-1.0,0.0));
#1737=ORIENTED_EDGE('',*,*,#2833,.T.);
#1738=ORIENTED_EDGE('',*,*,#2821,.F.);
#1739=ORIENTED_EDGE('',*,*,#2834,.F.);
#1740=ORIENTED_EDGE('',*,*,#2781,.T.);
#1741=CARTESIAN_POINT('',(4.775,-3.2,0.27));
#1742=DIRECTION('',(0.0,-1.0,0.0));
#1743=DIRECTION('',(0.0,0.0,-1.0));
#1744=ORIENTED_EDGE('',*,*,#2834,.T.);
#1745=ORIENTED_EDGE('',*,*,#2820,.F.);
#1746=ORIENTED_EDGE('',*,*,#2835,.F.);
#1747=ORIENTED_EDGE('',*,*,#2782,.T.);
#1748=CARTESIAN_POINT('',(4.775,-3.03,0.27));
#1749=DIRECTION('',(0.0,0.0,1.0));
#1750=DIRECTION('',(1.0,0.0,0.0));
#1751=ORIENTED_EDGE('',*,*,#2835,.T.);
#1752=ORIENTED_EDGE('',*,*,#2819,.F.);
#1753=ORIENTED_EDGE('',*,*,#2836,.F.);
#1754=ORIENTED_EDGE('',*,*,#2783,.T.);
#1755=CARTESIAN_POINT('',(4.775,-1.278645491731,0.7211982399128));
#1756=DIRECTION('',(0.0,-0.249481824141708,0.968379481103831));
#1757=DIRECTION('',(-1.0,0.0,0.0));
#1758=ORIENTED_EDGE('',*,*,#2836,.T.);
#1759=ORIENTED_EDGE('',*,*,#2818,.F.);
#1760=ORIENTED_EDGE('',*,*,#2837,.F.);
#1761=ORIENTED_EDGE('',*,*,#2784,.T.);
#1762=CARTESIAN_POINT('',(4.775,-0.3514578108826,0.27));
#1763=DIRECTION('',(0.0,0.4375707695823,0.899183975394999));
#1764=DIRECTION('',(1.0,-0.0,0.0));
#1765=ORIENTED_EDGE('',*,*,#2837,.T.);
#1766=ORIENTED_EDGE('',*,*,#2817,.F.);
#1767=ORIENTED_EDGE('',*,*,#2838,.F.);
#1768=ORIENTED_EDGE('',*,*,#2785,.T.);
#1769=CARTESIAN_POINT('',(4.775,1.7,0.27));
#1770=DIRECTION('',(0.0,0.0,1.0));
#1771=DIRECTION('',(1.0,0.0,0.0));
#1772=ORIENTED_EDGE('',*,*,#2838,.T.);
#1773=ORIENTED_EDGE('',*,*,#2816,.F.);
#1774=ORIENTED_EDGE('',*,*,#2839,.F.);
#1775=ORIENTED_EDGE('',*,*,#2786,.T.);
#1776=CARTESIAN_POINT('',(4.775,1.7,0.37));
#1777=DIRECTION('',(-1.0,0.0,-0.0));
#1778=DIRECTION('',(0.0,0.0,-1.0));
#1779=ORIENTED_EDGE('',*,*,#2787,.T.);
#1780=ORIENTED_EDGE('',*,*,#2839,.T.);
#1781=ORIENTED_EDGE('',*,*,#2815,.F.);
#1782=ORIENTED_EDGE('',*,*,#2766,.F.);
#1783=CARTESIAN_POINT('',(4.775,1.8,2.47));
#1784=DIRECTION('',(0.0,-1.0,0.0));
#1785=DIRECTION('',(0.0,0.0,-1.0));
#1786=ORIENTED_EDGE('',*,*,#2806,.F.);
#1787=ORIENTED_EDGE('',*,*,#2731,.T.);
#1788=ORIENTED_EDGE('',*,*,#2793,.T.);
#1789=ORIENTED_EDGE('',*,*,#2661,.F.);
#1790=CARTESIAN_POINT('',(5.225,3.1,6.7));
#1791=DIRECTION('',(-0.0,1.0,0.0));
#1792=DIRECTION('',(1.0,0.0,0.0));
#1793=ORIENTED_EDGE('',*,*,#2737,.F.);
#1794=ORIENTED_EDGE('',*,*,#2840,.T.);
#1795=ORIENTED_EDGE('',*,*,#2560,.T.);
#1796=ORIENTED_EDGE('',*,*,#2631,.T.);
#1797=ORIENTED_EDGE('',*,*,#2665,.F.);
#1798=CARTESIAN_POINT('',(-1.560495085532,2.35,6.4));
#1799=DIRECTION('',(-1.0,-0.0,0.0));
#1800=DIRECTION('',(0.0,-1.0,0.0));
#1801=ORIENTED_EDGE('',*,*,#2738,.F.);
#1802=ORIENTED_EDGE('',*,*,#2678,.T.);
#1803=ORIENTED_EDGE('',*,*,#2623,.T.);
#1804=ORIENTED_EDGE('',*,*,#2841,.F.);
#1805=CARTESIAN_POINT('',(-1.560495085532,2.35,6.4));
#1806=DIRECTION('',(-1.0,-0.0,0.0));
#1807=DIRECTION('',(0.0,-1.0,0.0));
#1808=ORIENTED_EDGE('',*,*,#2742,.F.);
#1809=ORIENTED_EDGE('',*,*,#2842,.T.);
#1810=ORIENTED_EDGE('',*,*,#2615,.T.);
#1811=ORIENTED_EDGE('',*,*,#2843,.F.);
#1812=CARTESIAN_POINT('',(-1.560495085532,2.35,6.4));
#1813=DIRECTION('',(-1.0,-0.0,0.0));
#1814=DIRECTION('',(0.0,-1.0,0.0));
#1815=ORIENTED_EDGE('',*,*,#2746,.F.);
#1816=ORIENTED_EDGE('',*,*,#2844,.T.);
#1817=ORIENTED_EDGE('',*,*,#2608,.T.);
#1818=ORIENTED_EDGE('',*,*,#2794,.F.);
#1819=CARTESIAN_POINT('',(-1.560495085532,2.35,6.4));
#1820=DIRECTION('',(-1.0,-0.0,0.0));
#1821=DIRECTION('',(0.0,-1.0,0.0));
#1822=ORIENTED_EDGE('',*,*,#2600,.T.);
#1823=ORIENTED_EDGE('',*,*,#2845,.F.);
#1824=ORIENTED_EDGE('',*,*,#2846,.T.);
#1825=ORIENTED_EDGE('',*,*,#2733,.F.);
#1826=ORIENTED_EDGE('',*,*,#2805,.T.);
#1827=CARTESIAN_POINT('',(-1.560495085532,2.35,6.4));
#1828=DIRECTION('',(-1.0,-0.0,0.0));
#1829=DIRECTION('',(0.0,-1.0,0.0));
#1830=ORIENTED_EDGE('',*,*,#2847,.T.);
#1831=ORIENTED_EDGE('',*,*,#2561,.T.);
#1832=ORIENTED_EDGE('',*,*,#2840,.F.);
#1833=ORIENTED_EDGE('',*,*,#2736,.F.);
#1834=CARTESIAN_POINT('',(0.825,0.5479217652412,6.55));
#1835=DIRECTION('',(0.0,-1.0,0.0));
#1836=DIRECTION('',(1.0,0.0,0.0));
#1837=ORIENTED_EDGE('',*,*,#2848,.T.);
#1838=ORIENTED_EDGE('',*,*,#2849,.T.);
#1839=ORIENTED_EDGE('',*,*,#2847,.F.);
#1840=ORIENTED_EDGE('',*,*,#2735,.F.);
#1841=CARTESIAN_POINT('',(8.560495085532,0.9,6.55));
#1842=DIRECTION('',(1.0,-0.0,0.0));
#1843=DIRECTION('',(0.0,1.0,0.0));
#1844=ORIENTED_EDGE('',*,*,#2562,.F.);
#1845=ORIENTED_EDGE('',*,*,#2849,.F.);
#1846=ORIENTED_EDGE('',*,*,#2850,.T.);
#1847=ORIENTED_EDGE('',*,*,#2633,.F.);
#1848=CARTESIAN_POINT('',(0.975,1.05,6.7));
#1849=DIRECTION('',(0.0,-1.0,0.0));
#1850=DIRECTION('',(0.0,0.0,-1.0));
#1851=ORIENTED_EDGE('',*,*,#2851,.T.);
#1852=ORIENTED_EDGE('',*,*,#2725,.F.);
#1853=ORIENTED_EDGE('',*,*,#2570,.F.);
#1854=ORIENTED_EDGE('',*,*,#2852,.T.);
#1855=CARTESIAN_POINT('',(6.025,0.5,0.0));
#1856=DIRECTION('',(-1.0,0.0,0.0));
#1857=DIRECTION('',(0.0,0.0,1.0));
#1858=ORIENTED_EDGE('',*,*,#2853,.T.);
#1859=ORIENTED_EDGE('',*,*,#2854,.T.);
#1860=ORIENTED_EDGE('',*,*,#2855,.T.);
#1861=ORIENTED_EDGE('',*,*,#2547,.F.);
#1862=ORIENTED_EDGE('',*,*,#2856,.T.);
#1863=ORIENTED_EDGE('',*,*,#2857,.F.);
#1864=ORIENTED_EDGE('',*,*,#2575,.T.);
#1865=ORIENTED_EDGE('',*,*,#2758,.F.);
#1866=CARTESIAN_POINT('',(6.025,0.5,0.0));
#1867=DIRECTION('',(-1.0,0.0,0.0));
#1868=DIRECTION('',(0.0,0.0,1.0));
#1869=ORIENTED_EDGE('',*,*,#2850,.F.);
#1870=ORIENTED_EDGE('',*,*,#2858,.F.);
#1871=ORIENTED_EDGE('',*,*,#2845,.T.);
#1872=ORIENTED_EDGE('',*,*,#2599,.T.);
#1873=ORIENTED_EDGE('',*,*,#2634,.T.);
#1874=CARTESIAN_POINT('',(6.025,0.5,0.0));
#1875=DIRECTION('',(-1.0,0.0,0.0));
#1876=DIRECTION('',(0.0,0.0,1.0));
#1877=ORIENTED_EDGE('',*,*,#2859,.T.);
#1878=ORIENTED_EDGE('',*,*,#2860,.F.);
#1879=ORIENTED_EDGE('',*,*,#2852,.F.);
#1880=ORIENTED_EDGE('',*,*,#2569,.T.);
#1881=CARTESIAN_POINT('',(6.025,0.5,5.2));
#1882=DIRECTION('',(0.0,0.0,1.0));
#1883=DIRECTION('',(1.0,0.0,0.0));
#1884=ORIENTED_EDGE('',*,*,#2861,.T.);
#1885=ORIENTED_EDGE('',*,*,#2862,.T.);
#1886=ORIENTED_EDGE('',*,*,#2856,.F.);
#1887=ORIENTED_EDGE('',*,*,#2546,.T.);
#1888=ORIENTED_EDGE('',*,*,#2863,.T.);
#1889=ORIENTED_EDGE('',*,*,#2726,.F.);
#1890=ORIENTED_EDGE('',*,*,#2851,.F.);
#1891=ORIENTED_EDGE('',*,*,#2860,.T.);
#1892=CARTESIAN_POINT('',(0.0,0.0,0.0));
#1893=DIRECTION('',(0.0,-1.0,0.0));
#1894=DIRECTION('',(0.0,0.0,-1.0));
#1895=ORIENTED_EDGE('',*,*,#2724,.F.);
#1896=ORIENTED_EDGE('',*,*,#2751,.F.);
#1897=ORIENTED_EDGE('',*,*,#2540,.T.);
#1898=ORIENTED_EDGE('',*,*,#2555,.T.);
#1899=ORIENTED_EDGE('',*,*,#2864,.T.);
#1900=ORIENTED_EDGE('',*,*,#2865,.T.);
#1901=ORIENTED_EDGE('',*,*,#2564,.T.);
#1902=ORIENTED_EDGE('',*,*,#2550,.T.);
#1903=CARTESIAN_POINT('',(0.0,0.0,0.0));
#1904=DIRECTION('',(0.0,-1.0,0.0));
#1905=DIRECTION('',(0.0,0.0,-1.0));
#1906=ORIENTED_EDGE('',*,*,#2866,.F.);
#1907=ORIENTED_EDGE('',*,*,#2867,.T.);
#1908=ORIENTED_EDGE('',*,*,#2727,.F.);
#1909=ORIENTED_EDGE('',*,*,#2863,.F.);
#1910=ORIENTED_EDGE('',*,*,#2545,.T.);
#1911=ORIENTED_EDGE('',*,*,#2868,.F.);
#1912=ORIENTED_EDGE('',*,*,#2869,.F.);
#1913=ORIENTED_EDGE('',*,*,#2870,.F.);
#1914=ORIENTED_EDGE('',*,*,#2756,.F.);
#1915=ORIENTED_EDGE('',*,*,#2871,.F.);
#1916=CARTESIAN_POINT('',(7.0,0.0,0.0));
#1917=DIRECTION('',(1.0,0.0,0.0));
#1918=DIRECTION('',(0.0,1.0,0.0));
#1919=ORIENTED_EDGE('',*,*,#2872,.T.);
#1920=ORIENTED_EDGE('',*,*,#2871,.T.);
#1921=ORIENTED_EDGE('',*,*,#2755,.T.);
#1922=ORIENTED_EDGE('',*,*,#2873,.T.);
#1923=CARTESIAN_POINT('',(7.0,3.5,0.0));
#1924=DIRECTION('',(-0.0,1.0,0.0));
#1925=DIRECTION('',(1.0,0.0,0.0));
#1926=ORIENTED_EDGE('',*,*,#2874,.T.);
#1927=ORIENTED_EDGE('',*,*,#2873,.F.);
#1928=ORIENTED_EDGE('',*,*,#2754,.F.);
#1929=ORIENTED_EDGE('',*,*,#2875,.T.);
#1930=CARTESIAN_POINT('',(6.025,3.6,1.9));
#1931=DIRECTION('',(-1.0,0.0,0.0));
#1932=DIRECTION('',(0.0,0.0,1.0));
#1933=ORIENTED_EDGE('',*,*,#2876,.F.);
#1934=ORIENTED_EDGE('',*,*,#2728,.F.);
#1935=ORIENTED_EDGE('',*,*,#2867,.F.);
#1936=ORIENTED_EDGE('',*,*,#2877,.T.);
#1937=ORIENTED_EDGE('',*,*,#2875,.F.);
#1938=ORIENTED_EDGE('',*,*,#2761,.F.);
#1939=CARTESIAN_POINT('',(7.0,3.6,0.0));
#1940=DIRECTION('',(-0.0,1.0,0.0));
#1941=DIRECTION('',(1.0,0.0,0.0));
#1942=ORIENTED_EDGE('',*,*,#2872,.F.);
#1943=ORIENTED_EDGE('',*,*,#2874,.F.);
#1944=ORIENTED_EDGE('',*,*,#2877,.F.);
#1945=ORIENTED_EDGE('',*,*,#2866,.T.);
#1946=CARTESIAN_POINT('',(6.025,3.6,5.9));
#1947=DIRECTION('',(0.0,0.0,1.0));
#1948=DIRECTION('',(1.0,0.0,0.0));
#1949=ORIENTED_EDGE('',*,*,#2760,.T.);
#1950=ORIENTED_EDGE('',*,*,#2752,.T.);
#1951=ORIENTED_EDGE('',*,*,#2729,.F.);
#1952=ORIENTED_EDGE('',*,*,#2876,.T.);
#1953=CARTESIAN_POINT('',(0.5,3.6,0.0));
#1954=DIRECTION('',(-0.707106781186548,0.707106781186548,0.0));
#1955=DIRECTION('',(0.0,0.0,1.0));
#1956=ORIENTED_EDGE('',*,*,#2558,.T.);
#1957=ORIENTED_EDGE('',*,*,#2878,.T.);
#1958=ORIENTED_EDGE('',*,*,#2748,.F.);
#1959=ORIENTED_EDGE('',*,*,#2759,.T.);
#1960=CARTESIAN_POINT('',(7.0,2.25,1.9));
#1961=DIRECTION('',(0.0,-0.707106781186548,0.707106781186548));
#1962=DIRECTION('',(-1.0,0.0,0.0));
#1963=ORIENTED_EDGE('',*,*,#2757,.F.);
#1964=ORIENTED_EDGE('',*,*,#2870,.T.);
#1965=ORIENTED_EDGE('',*,*,#2879,.T.);
#1966=ORIENTED_EDGE('',*,*,#2853,.F.);
#1967=CARTESIAN_POINT('',(7.0,2.25,1.9));
#1968=DIRECTION('',(0.0,-0.707106781186548,0.707106781186548));
#1969=DIRECTION('',(-1.0,0.0,0.0));
#1970=ORIENTED_EDGE('',*,*,#2880,.T.);
#1971=ORIENTED_EDGE('',*,*,#2749,.F.);
#1972=ORIENTED_EDGE('',*,*,#2878,.F.);
#1973=ORIENTED_EDGE('',*,*,#2557,.T.);
#1974=CARTESIAN_POINT('',(7.0,2.05,1.7));
#1975=DIRECTION('',(0.0,-1.0,0.0));
#1976=DIRECTION('',(0.0,0.0,-1.0));
#1977=ORIENTED_EDGE('',*,*,#2879,.F.);
#1978=ORIENTED_EDGE('',*,*,#2869,.T.);
#1979=ORIENTED_EDGE('',*,*,#2881,.T.);
#1980=ORIENTED_EDGE('',*,*,#2854,.F.);
#1981=CARTESIAN_POINT('',(7.0,2.05,1.7));
#1982=DIRECTION('',(0.0,-1.0,0.0));
#1983=DIRECTION('',(0.0,0.0,-1.0));
#1984=ORIENTED_EDGE('',*,*,#2542,.F.);
#1985=ORIENTED_EDGE('',*,*,#2750,.F.);
#1986=ORIENTED_EDGE('',*,*,#2880,.F.);
#1987=ORIENTED_EDGE('',*,*,#2556,.T.);
#1988=CARTESIAN_POINT('',(7.0,2.05,0.2));
#1989=DIRECTION('',(0.0,-0.707106781186548,0.707106781186548));
#1990=DIRECTION('',(-1.0,0.0,0.0));
#1991=ORIENTED_EDGE('',*,*,#2881,.F.);
#1992=ORIENTED_EDGE('',*,*,#2868,.T.);
#1993=ORIENTED_EDGE('',*,*,#2544,.F.);
#1994=ORIENTED_EDGE('',*,*,#2855,.F.);
#1995=CARTESIAN_POINT('',(7.0,2.05,0.2));
#1996=DIRECTION('',(0.0,-0.707106781186548,0.707106781186548));
#1997=DIRECTION('',(-1.0,0.0,0.0));
#1998=ORIENTED_EDGE('',*,*,#2857,.T.);
#1999=ORIENTED_EDGE('',*,*,#2862,.F.);
#2000=ORIENTED_EDGE('',*,*,#2882,.F.);
#2001=ORIENTED_EDGE('',*,*,#2567,.F.);
#2002=CARTESIAN_POINT('',(5.0,0.5,4.2));
#2003=DIRECTION('',(0.0,0.0,-1.0));
#2004=DIRECTION('',(0.0,-1.0,0.0));
#2005=ORIENTED_EDGE('',*,*,#2882,.T.);
#2006=ORIENTED_EDGE('',*,*,#2861,.F.);
#2007=ORIENTED_EDGE('',*,*,#2859,.F.);
#2008=ORIENTED_EDGE('',*,*,#2568,.T.);
#2009=CARTESIAN_POINT('',(5.0,0.5,5.2));
#2010=DIRECTION('',(-1.0,0.0,0.0));
#2011=DIRECTION('',(0.0,0.0,1.0));
#2012=ORIENTED_EDGE('',*,*,#2565,.T.);
#2013=ORIENTED_EDGE('',*,*,#2865,.F.);
#2014=ORIENTED_EDGE('',*,*,#2883,.F.);
#2015=ORIENTED_EDGE('',*,*,#2572,.T.);
#2016=CARTESIAN_POINT('',(2.0,0.5,4.2));
#2017=DIRECTION('',(1.0,0.0,0.0));
#2018=DIRECTION('',(0.0,1.0,0.0));
#2019=ORIENTED_EDGE('',*,*,#2573,.T.);
#2020=ORIENTED_EDGE('',*,*,#2883,.T.);
#2021=ORIENTED_EDGE('',*,*,#2864,.F.);
#2022=ORIENTED_EDGE('',*,*,#2554,.T.);
#2023=CARTESIAN_POINT('',(0.975,0.5,4.2));
#2024=DIRECTION('',(0.0,0.0,-1.0));
#2025=DIRECTION('',(0.0,-1.0,0.0));
#2026=ORIENTED_EDGE('',*,*,#2846,.F.);
#2027=ORIENTED_EDGE('',*,*,#2858,.T.);
#2028=ORIENTED_EDGE('',*,*,#2848,.F.);
#2029=ORIENTED_EDGE('',*,*,#2734,.F.);
#2030=CARTESIAN_POINT('',(6.175,2.552078234759,6.55));
#2031=DIRECTION('',(0.0,1.0,-0.0));
#2032=DIRECTION('',(-1.0,0.0,0.0));
#2033=ORIENTED_EDGE('',*,*,#2884,.F.);
#2034=ORIENTED_EDGE('',*,*,#2739,.T.);
#2035=ORIENTED_EDGE('',*,*,#2841,.T.);
#2036=ORIENTED_EDGE('',*,*,#2622,.F.);
#2037=ORIENTED_EDGE('',*,*,#2885,.T.);
#2038=ORIENTED_EDGE('',*,*,#2886,.F.);
#2039=ORIENTED_EDGE('',*,*,#2523,.F.);
#2040=ORIENTED_EDGE('',*,*,#2887,.F.);
#2041=ORIENTED_EDGE('',*,*,#2654,.F.);
#2042=CARTESIAN_POINT('',(2.775,3.1,6.7));
#2043=DIRECTION('',(-1.0,0.0,0.0));
#2044=DIRECTION('',(0.0,0.0,1.0));
#2045=ORIENTED_EDGE('',*,*,#2643,.F.);
#2046=ORIENTED_EDGE('',*,*,#2888,.F.);
#2047=ORIENTED_EDGE('',*,*,#2525,.T.);
#2048=ORIENTED_EDGE('',*,*,#2889,.T.);
#2049=ORIENTED_EDGE('',*,*,#2890,.F.);
#2050=ORIENTED_EDGE('',*,*,#2620,.F.);
#2051=CARTESIAN_POINT('',(2.775,3.1,6.7));
#2052=DIRECTION('',(-1.0,0.0,0.0));
#2053=DIRECTION('',(0.0,0.0,1.0));
#2054=ORIENTED_EDGE('',*,*,#2887,.T.);
#2055=ORIENTED_EDGE('',*,*,#2522,.T.);
#2056=ORIENTED_EDGE('',*,*,#2891,.F.);
#2057=ORIENTED_EDGE('',*,*,#2651,.F.);
#2058=CARTESIAN_POINT('',(2.775,2.9,2.97));
#2059=DIRECTION('',(-0.0,1.0,0.0));
#2060=DIRECTION('',(1.0,0.0,0.0));
#2061=ORIENTED_EDGE('',*,*,#2618,.F.);
#2062=ORIENTED_EDGE('',*,*,#2892,.T.);
#2063=ORIENTED_EDGE('',*,*,#2893,.F.);
#2064=ORIENTED_EDGE('',*,*,#2527,.F.);
#2065=ORIENTED_EDGE('',*,*,#2894,.T.);
#2066=ORIENTED_EDGE('',*,*,#2641,.F.);
#2067=CARTESIAN_POINT('',(3.225,2.05,6.7));
#2068=DIRECTION('',(1.0,0.0,0.0));
#2069=DIRECTION('',(0.0,1.0,0.0));
#2070=ORIENTED_EDGE('',*,*,#2652,.F.);
#2071=ORIENTED_EDGE('',*,*,#2891,.T.);
#2072=ORIENTED_EDGE('',*,*,#2521,.T.);
#2073=ORIENTED_EDGE('',*,*,#2895,.T.);
#2074=ORIENTED_EDGE('',*,*,#2896,.F.);
#2075=ORIENTED_EDGE('',*,*,#2616,.F.);
#2076=ORIENTED_EDGE('',*,*,#2842,.F.);
#2077=ORIENTED_EDGE('',*,*,#2741,.T.);
#2078=ORIENTED_EDGE('',*,*,#2897,.T.);
#2079=CARTESIAN_POINT('',(3.225,2.05,6.7));
#2080=DIRECTION('',(1.0,0.0,0.0));
#2081=DIRECTION('',(0.0,1.0,0.0));
#2082=ORIENTED_EDGE('',*,*,#2894,.F.);
#2083=ORIENTED_EDGE('',*,*,#2526,.F.);
#2084=ORIENTED_EDGE('',*,*,#2888,.T.);
#2085=ORIENTED_EDGE('',*,*,#2642,.T.);
#2086=CARTESIAN_POINT('',(2.775,2.7,6.15));
#2087=DIRECTION('',(0.0,-1.0,0.0));
#2088=DIRECTION('',(0.0,0.0,-1.0));
#2089=ORIENTED_EDGE('',*,*,#2524,.T.);
#2090=ORIENTED_EDGE('',*,*,#2893,.T.);
#2091=ORIENTED_EDGE('',*,*,#2898,.F.);
#2092=ORIENTED_EDGE('',*,*,#2889,.F.);
#2093=CARTESIAN_POINT('',(2.775,2.45,6.15));
#2094=DIRECTION('',(-1.0,0.0,-0.0));
#2095=DIRECTION('',(0.0,0.0,-1.0));
#2096=ORIENTED_EDGE('',*,*,#2898,.T.);
#2097=ORIENTED_EDGE('',*,*,#2892,.F.);
#2098=ORIENTED_EDGE('',*,*,#2899,.F.);
#2099=ORIENTED_EDGE('',*,*,#2900,.F.);
#2100=ORIENTED_EDGE('',*,*,#2901,.T.);
#2101=ORIENTED_EDGE('',*,*,#2890,.T.);
#2102=CARTESIAN_POINT('',(2.775,1.252645300474,4.47));
#2103=DIRECTION('',(0.0,0.878670486912848,-0.477428712404626));
#2104=DIRECTION('',(-1.0,0.0,0.0));
#2105=ORIENTED_EDGE('',*,*,#2901,.F.);
#2106=ORIENTED_EDGE('',*,*,#2902,.F.);
#2107=ORIENTED_EDGE('',*,*,#2903,.F.);
#2108=ORIENTED_EDGE('',*,*,#2904,.F.);
#2109=ORIENTED_EDGE('',*,*,#2905,.F.);
#2110=ORIENTED_EDGE('',*,*,#2621,.F.);
#2111=CARTESIAN_POINT('',(2.775,0.5,0.17));
#2112=DIRECTION('',(1.0,0.0,0.0));
#2113=DIRECTION('',(0.0,1.0,0.0));
#2114=ORIENTED_EDGE('',*,*,#2906,.F.);
#2115=ORIENTED_EDGE('',*,*,#2907,.F.);
#2116=ORIENTED_EDGE('',*,*,#2908,.F.);
#2117=ORIENTED_EDGE('',*,*,#2909,.F.);
#2118=ORIENTED_EDGE('',*,*,#2910,.F.);
#2119=ORIENTED_EDGE('',*,*,#2911,.F.);
#2120=ORIENTED_EDGE('',*,*,#2912,.F.);
#2121=ORIENTED_EDGE('',*,*,#2913,.F.);
#2122=ORIENTED_EDGE('',*,*,#2914,.F.);
#2123=ORIENTED_EDGE('',*,*,#2915,.F.);
#2124=ORIENTED_EDGE('',*,*,#2916,.F.);
#2125=ORIENTED_EDGE('',*,*,#2917,.F.);
#2126=ORIENTED_EDGE('',*,*,#2918,.F.);
#2127=ORIENTED_EDGE('',*,*,#2765,.F.);
#2128=CARTESIAN_POINT('',(2.775,0.5,0.17));
#2129=DIRECTION('',(1.0,0.0,0.0));
#2130=DIRECTION('',(0.0,1.0,0.0));
#2131=ORIENTED_EDGE('',*,*,#2905,.T.);
#2132=ORIENTED_EDGE('',*,*,#2919,.T.);
#2133=ORIENTED_EDGE('',*,*,#2920,.F.);
#2134=ORIENTED_EDGE('',*,*,#2896,.T.);
#2135=ORIENTED_EDGE('',*,*,#2921,.F.);
#2136=ORIENTED_EDGE('',*,*,#2885,.F.);
#2137=CARTESIAN_POINT('',(2.775,2.054598280889,6.364842920582));
#2138=DIRECTION('',(0.0,-0.878670486912848,0.477428712404626));
#2139=DIRECTION('',(-1.0,0.0,0.0));
#2140=ORIENTED_EDGE('',*,*,#2520,.T.);
#2141=ORIENTED_EDGE('',*,*,#2886,.T.);
#2142=ORIENTED_EDGE('',*,*,#2921,.T.);
#2143=ORIENTED_EDGE('',*,*,#2895,.F.);
#2144=CARTESIAN_POINT('',(2.775,2.45,6.15));
#2145=DIRECTION('',(-1.0,0.0,-0.0));
#2146=DIRECTION('',(0.0,0.0,-1.0));
#2147=ORIENTED_EDGE('',*,*,#2920,.T.);
#2148=ORIENTED_EDGE('',*,*,#2922,.T.);
#2149=ORIENTED_EDGE('',*,*,#2923,.T.);
#2150=ORIENTED_EDGE('',*,*,#2924,.T.);
#2151=ORIENTED_EDGE('',*,*,#2899,.T.);
#2152=ORIENTED_EDGE('',*,*,#2617,.T.);
#2153=CARTESIAN_POINT('',(3.225,0.5,0.17));
#2154=DIRECTION('',(1.0,0.0,0.0));
#2155=DIRECTION('',(0.0,1.0,0.0));
#2156=ORIENTED_EDGE('',*,*,#2925,.T.);
#2157=ORIENTED_EDGE('',*,*,#2926,.T.);
#2158=ORIENTED_EDGE('',*,*,#2927,.T.);
#2159=ORIENTED_EDGE('',*,*,#2928,.T.);
#2160=ORIENTED_EDGE('',*,*,#2929,.T.);
#2161=ORIENTED_EDGE('',*,*,#2930,.T.);
#2162=ORIENTED_EDGE('',*,*,#2931,.T.);
#2163=ORIENTED_EDGE('',*,*,#2932,.T.);
#2164=ORIENTED_EDGE('',*,*,#2933,.T.);
#2165=ORIENTED_EDGE('',*,*,#2934,.T.);
#2166=ORIENTED_EDGE('',*,*,#2935,.T.);
#2167=ORIENTED_EDGE('',*,*,#2936,.T.);
#2168=ORIENTED_EDGE('',*,*,#2937,.T.);
#2169=ORIENTED_EDGE('',*,*,#2763,.T.);
#2170=CARTESIAN_POINT('',(3.225,0.5,0.17));
#2171=DIRECTION('',(1.0,0.0,0.0));
#2172=DIRECTION('',(0.0,1.0,0.0));
#2173=ORIENTED_EDGE('',*,*,#2900,.T.);
#2174=ORIENTED_EDGE('',*,*,#2924,.F.);
#2175=ORIENTED_EDGE('',*,*,#2938,.F.);
#2176=ORIENTED_EDGE('',*,*,#2902,.T.);
#2177=CARTESIAN_POINT('',(2.775,1.182351661521,4.508194296992));
#2178=DIRECTION('',(0.0,-0.477428712404626,-0.878670486912848));
#2179=DIRECTION('',(0.0,-0.878670486912848,0.477428712404626));
#2180=ORIENTED_EDGE('',*,*,#2938,.T.);
#2181=ORIENTED_EDGE('',*,*,#2923,.F.);
#2182=ORIENTED_EDGE('',*,*,#2939,.F.);
#2183=ORIENTED_EDGE('',*,*,#2903,.T.);
#2184=CARTESIAN_POINT('',(2.775,1.158612559402,4.648938078196));
#2185=DIRECTION('',(0.0,-0.986071885207768,-0.166319683750295));
#2186=DIRECTION('',(0.0,0.166319683750295,-0.986071885207768));
#2187=ORIENTED_EDGE('',*,*,#2939,.T.);
#2188=ORIENTED_EDGE('',*,*,#2922,.F.);
#2189=ORIENTED_EDGE('',*,*,#2919,.F.);
#2190=ORIENTED_EDGE('',*,*,#2904,.T.);
#2191=CARTESIAN_POINT('',(2.775,1.306523342183,4.673886030759));
#2192=DIRECTION('',(-1.0,0.0,-0.0));
#2193=DIRECTION('',(0.0,0.0,-1.0));
#2194=ORIENTED_EDGE('',*,*,#2937,.F.);
#2195=ORIENTED_EDGE('',*,*,#2940,.F.);
#2196=ORIENTED_EDGE('',*,*,#2906,.T.);
#2197=ORIENTED_EDGE('',*,*,#2764,.T.);
#2198=CARTESIAN_POINT('',(2.775,2.0,0.37));
#2199=DIRECTION('',(-0.0,1.0,0.0));
#2200=DIRECTION('',(1.0,0.0,0.0));
#2201=ORIENTED_EDGE('',*,*,#2940,.T.);
#2202=ORIENTED_EDGE('',*,*,#2936,.F.);
#2203=ORIENTED_EDGE('',*,*,#2941,.F.);
#2204=ORIENTED_EDGE('',*,*,#2907,.T.);
#2205=CARTESIAN_POINT('',(2.775,1.7,0.37));
#2206=DIRECTION('',(-1.0,0.0,-0.0));
#2207=DIRECTION('',(0.0,0.0,-1.0));
#2208=ORIENTED_EDGE('',*,*,#2941,.T.);
#2209=ORIENTED_EDGE('',*,*,#2935,.F.);
#2210=ORIENTED_EDGE('',*,*,#2942,.F.);
#2211=ORIENTED_EDGE('',*,*,#2908,.T.);
#2212=CARTESIAN_POINT('',(2.775,-0.4,0.07119823991282));
#2213=DIRECTION('',(0.0,-0.00057059034179101,-0.999999837213318));
#2214=DIRECTION('',(0.0,-0.999999837213318,0.00057059034179101));
#2215=ORIENTED_EDGE('',*,*,#2942,.T.);
#2216=ORIENTED_EDGE('',*,*,#2934,.F.);
#2217=ORIENTED_EDGE('',*,*,#2943,.F.);
#2218=ORIENTED_EDGE('',*,*,#2909,.T.);
#2219=CARTESIAN_POINT('',(2.775,-1.3,0.5091661123397));
#2220=DIRECTION('',(0.0,-0.4375707695823,-0.899183975394999));
#2221=DIRECTION('',(0.0,-0.899183975394999,0.4375707695823));
#2222=ORIENTED_EDGE('',*,*,#2943,.T.);
#2223=ORIENTED_EDGE('',*,*,#2933,.F.);
#2224=ORIENTED_EDGE('',*,*,#2944,.F.);
#2225=ORIENTED_EDGE('',*,*,#2910,.T.);
#2226=CARTESIAN_POINT('',(2.775,-3.0,0.07119823991282));
#2227=DIRECTION('',(0.0,0.249481824141708,-0.968379481103831));
#2228=DIRECTION('',(-1.0,0.0,0.0));
#2229=ORIENTED_EDGE('',*,*,#2944,.T.);
#2230=ORIENTED_EDGE('',*,*,#2932,.F.);
#2231=ORIENTED_EDGE('',*,*,#2945,.F.);
#2232=ORIENTED_EDGE('',*,*,#2911,.T.);
#2233=CARTESIAN_POINT('',(2.775,-3.2,0.07119823991282));
#2234=DIRECTION('',(0.0,0.0,-1.0));
#2235=DIRECTION('',(0.0,-1.0,0.0));
#2236=ORIENTED_EDGE('',*,*,#2945,.T.);
#2237=ORIENTED_EDGE('',*,*,#2931,.F.);
#2238=ORIENTED_EDGE('',*,*,#2946,.F.);
#2239=ORIENTED_EDGE('',*,*,#2912,.T.);
#2240=CARTESIAN_POINT('',(2.775,-3.2,0.27));
#2241=DIRECTION('',(0.0,-1.0,0.0));
#2242=DIRECTION('',(0.0,0.0,-1.0));
#2243=ORIENTED_EDGE('',*,*,#2946,.T.);
#2244=ORIENTED_EDGE('',*,*,#2930,.F.);
#2245=ORIENTED_EDGE('',*,*,#2947,.F.);
#2246=ORIENTED_EDGE('',*,*,#2913,.T.);
#2247=CARTESIAN_POINT('',(2.775,-3.03,0.27));
#2248=DIRECTION('',(0.0,0.0,1.0));
#2249=DIRECTION('',(1.0,0.0,0.0));
#2250=ORIENTED_EDGE('',*,*,#2947,.T.);
#2251=ORIENTED_EDGE('',*,*,#2929,.F.);
#2252=ORIENTED_EDGE('',*,*,#2948,.F.);
#2253=ORIENTED_EDGE('',*,*,#2914,.T.);
#2254=CARTESIAN_POINT('',(2.775,-1.278645491731,0.7211982399128));
#2255=DIRECTION('',(0.0,-0.249481824141708,0.968379481103831));
#2256=DIRECTION('',(-1.0,0.0,0.0));
#2257=ORIENTED_EDGE('',*,*,#2948,.T.);
#2258=ORIENTED_EDGE('',*,*,#2928,.F.);
#2259=ORIENTED_EDGE('',*,*,#2949,.F.);
#2260=ORIENTED_EDGE('',*,*,#2915,.T.);
#2261=CARTESIAN_POINT('',(2.775,-0.3514578108826,0.27));
#2262=DIRECTION('',(0.0,0.4375707695823,0.899183975394999));
#2263=DIRECTION('',(1.0,-0.0,0.0));
#2264=ORIENTED_EDGE('',*,*,#2949,.T.);
#2265=ORIENTED_EDGE('',*,*,#2927,.F.);
#2266=ORIENTED_EDGE('',*,*,#2950,.F.);
#2267=ORIENTED_EDGE('',*,*,#2916,.T.);
#2268=CARTESIAN_POINT('',(2.775,1.7,0.27));
#2269=DIRECTION('',(0.0,0.0,1.0));
#2270=DIRECTION('',(1.0,0.0,0.0));
#2271=ORIENTED_EDGE('',*,*,#2950,.T.);
#2272=ORIENTED_EDGE('',*,*,#2926,.F.);
#2273=ORIENTED_EDGE('',*,*,#2951,.F.);
#2274=ORIENTED_EDGE('',*,*,#2917,.T.);
#2275=CARTESIAN_POINT('',(2.775,1.7,0.37));
#2276=DIRECTION('',(-1.0,0.0,-0.0));
#2277=DIRECTION('',(0.0,0.0,-1.0));
#2278=ORIENTED_EDGE('',*,*,#2918,.T.);
#2279=ORIENTED_EDGE('',*,*,#2951,.T.);
#2280=ORIENTED_EDGE('',*,*,#2925,.F.);
#2281=ORIENTED_EDGE('',*,*,#2762,.F.);
#2282=CARTESIAN_POINT('',(2.775,1.8,2.47));
#2283=DIRECTION('',(0.0,-1.0,0.0));
#2284=DIRECTION('',(0.0,0.0,-1.0));
#2285=ORIENTED_EDGE('',*,*,#2897,.F.);
#2286=ORIENTED_EDGE('',*,*,#2740,.T.);
#2287=ORIENTED_EDGE('',*,*,#2884,.T.);
#2288=ORIENTED_EDGE('',*,*,#2653,.F.);
#2289=CARTESIAN_POINT('',(3.225,3.1,6.7));
#2290=DIRECTION('',(-0.0,1.0,0.0));
#2291=DIRECTION('',(1.0,0.0,0.0));
#2292=ORIENTED_EDGE('',*,*,#2952,.F.);
#2293=ORIENTED_EDGE('',*,*,#2743,.T.);
#2294=ORIENTED_EDGE('',*,*,#2843,.T.);
#2295=ORIENTED_EDGE('',*,*,#2614,.F.);
#2296=ORIENTED_EDGE('',*,*,#2953,.T.);
#2297=ORIENTED_EDGE('',*,*,#2954,.F.);
#2298=ORIENTED_EDGE('',*,*,#2515,.F.);
#2299=ORIENTED_EDGE('',*,*,#2955,.F.);
#2300=ORIENTED_EDGE('',*,*,#2658,.F.);
#2301=CARTESIAN_POINT('',(3.775,3.1,6.7));
#2302=DIRECTION('',(-1.0,0.0,0.0));
#2303=DIRECTION('',(0.0,0.0,1.0));
#2304=ORIENTED_EDGE('',*,*,#2640,.F.);
#2305=ORIENTED_EDGE('',*,*,#2956,.F.);
#2306=ORIENTED_EDGE('',*,*,#2517,.T.);
#2307=ORIENTED_EDGE('',*,*,#2957,.T.);
#2308=ORIENTED_EDGE('',*,*,#2958,.F.);
#2309=ORIENTED_EDGE('',*,*,#2613,.F.);
#2310=CARTESIAN_POINT('',(3.775,3.1,6.7));
#2311=DIRECTION('',(-1.0,0.0,0.0));
#2312=DIRECTION('',(0.0,0.0,1.0));
#2313=ORIENTED_EDGE('',*,*,#2955,.T.);
#2314=ORIENTED_EDGE('',*,*,#2514,.T.);
#2315=ORIENTED_EDGE('',*,*,#2959,.F.);
#2316=ORIENTED_EDGE('',*,*,#2655,.F.);
#2317=CARTESIAN_POINT('',(3.775,2.9,2.37));
#2318=DIRECTION('',(-0.0,1.0,0.0));
#2319=DIRECTION('',(1.0,0.0,0.0));
#2320=ORIENTED_EDGE('',*,*,#2611,.F.);
#2321=ORIENTED_EDGE('',*,*,#2960,.T.);
#2322=ORIENTED_EDGE('',*,*,#2961,.F.);
#2323=ORIENTED_EDGE('',*,*,#2519,.F.);
#2324=ORIENTED_EDGE('',*,*,#2962,.T.);
#2325=ORIENTED_EDGE('',*,*,#2638,.F.);
#2326=CARTESIAN_POINT('',(4.225,2.05,6.7));
#2327=DIRECTION('',(1.0,0.0,0.0));
#2328=DIRECTION('',(0.0,1.0,0.0));
#2329=ORIENTED_EDGE('',*,*,#2959,.T.);
#2330=ORIENTED_EDGE('',*,*,#2513,.T.);
#2331=ORIENTED_EDGE('',*,*,#2963,.T.);
#2332=ORIENTED_EDGE('',*,*,#2964,.F.);
#2333=ORIENTED_EDGE('',*,*,#2609,.F.);
#2334=ORIENTED_EDGE('',*,*,#2844,.F.);
#2335=ORIENTED_EDGE('',*,*,#2745,.T.);
#2336=ORIENTED_EDGE('',*,*,#2965,.T.);
#2337=ORIENTED_EDGE('',*,*,#2656,.F.);
#2338=CARTESIAN_POINT('',(4.225,2.05,6.7));
#2339=DIRECTION('',(1.0,0.0,0.0));
#2340=DIRECTION('',(0.0,1.0,0.0));
#2341=ORIENTED_EDGE('',*,*,#2962,.F.);
#2342=ORIENTED_EDGE('',*,*,#2518,.F.);
#2343=ORIENTED_EDGE('',*,*,#2956,.T.);
#2344=ORIENTED_EDGE('',*,*,#2639,.T.);
#2345=CARTESIAN_POINT('',(3.775,2.7,6.15));
#2346=DIRECTION('',(0.0,-1.0,0.0));
#2347=DIRECTION('',(0.0,0.0,-1.0));
#2348=ORIENTED_EDGE('',*,*,#2516,.T.);
#2349=ORIENTED_EDGE('',*,*,#2961,.T.);
#2350=ORIENTED_EDGE('',*,*,#2966,.F.);
#2351=ORIENTED_EDGE('',*,*,#2957,.F.);
#2352=CARTESIAN_POINT('',(3.775,2.45,6.15));
#2353=DIRECTION('',(-1.0,0.0,-0.0));
#2354=DIRECTION('',(0.0,0.0,-1.0));
#2355=ORIENTED_EDGE('',*,*,#2966,.T.);
#2356=ORIENTED_EDGE('',*,*,#2960,.F.);
#2357=ORIENTED_EDGE('',*,*,#2967,.F.);
#2358=ORIENTED_EDGE('',*,*,#2968,.F.);
#2359=ORIENTED_EDGE('',*,*,#2584,.T.);
#2360=ORIENTED_EDGE('',*,*,#2958,.T.);
#2361=CARTESIAN_POINT('',(3.775,1.252645300474,4.47));
#2362=DIRECTION('',(0.0,0.878670486912871,-0.477428712404584));
#2363=DIRECTION('',(-1.0,0.0,0.0));
#2364=ORIENTED_EDGE('',*,*,#2968,.T.);
#2365=ORIENTED_EDGE('',*,*,#2969,.F.);
#2366=ORIENTED_EDGE('',*,*,#2970,.F.);
#2367=ORIENTED_EDGE('',*,*,#2585,.T.);
#2368=CARTESIAN_POINT('',(3.775,1.182351661521,4.508194296992));
#2369=DIRECTION('',(0.0,-0.477428712404584,-0.878670486912871));
#2370=DIRECTION('',(0.0,-0.878670486912871,0.477428712404584));
#2371=ORIENTED_EDGE('',*,*,#2970,.T.);
#2372=ORIENTED_EDGE('',*,*,#2971,.F.);
#2373=ORIENTED_EDGE('',*,*,#2972,.F.);
#2374=ORIENTED_EDGE('',*,*,#2586,.T.);
#2375=CARTESIAN_POINT('',(3.775,1.158612559402,4.648938078196));
#2376=DIRECTION('',(0.0,-0.986071885207768,-0.166319683750295));
#2377=DIRECTION('',(0.0,0.166319683750295,-0.986071885207768));
#2378=ORIENTED_EDGE('',*,*,#2972,.T.);
#2379=ORIENTED_EDGE('',*,*,#2973,.F.);
#2380=ORIENTED_EDGE('',*,*,#2974,.F.);
#2381=ORIENTED_EDGE('',*,*,#2587,.T.);
#2382=CARTESIAN_POINT('',(3.775,1.306523342183,4.673886030759));
#2383=DIRECTION('',(-1.0,0.0,-0.0));
#2384=DIRECTION('',(0.0,0.0,-1.0));
#2385=ORIENTED_EDGE('',*,*,#2588,.T.);
#2386=ORIENTED_EDGE('',*,*,#2974,.T.);
#2387=ORIENTED_EDGE('',*,*,#2975,.F.);
#2388=ORIENTED_EDGE('',*,*,#2964,.T.);
#2389=ORIENTED_EDGE('',*,*,#2976,.F.);
#2390=ORIENTED_EDGE('',*,*,#2953,.F.);
#2391=CARTESIAN_POINT('',(3.775,2.054598280889,6.364842920582));
#2392=DIRECTION('',(0.0,-0.878670486912871,0.477428712404584));
#2393=DIRECTION('',(-1.0,0.0,0.0));
#2394=ORIENTED_EDGE('',*,*,#2512,.T.);
#2395=ORIENTED_EDGE('',*,*,#2954,.T.);
#2396=ORIENTED_EDGE('',*,*,#2976,.T.);
#2397=ORIENTED_EDGE('',*,*,#2963,.F.);
#2398=CARTESIAN_POINT('',(3.775,2.45,6.15));
#2399=DIRECTION('',(-1.0,0.0,-0.0));
#2400=DIRECTION('',(0.0,0.0,-1.0));
#2401=ORIENTED_EDGE('',*,*,#2975,.T.);
#2402=ORIENTED_EDGE('',*,*,#2973,.T.);
#2403=ORIENTED_EDGE('',*,*,#2971,.T.);
#2404=ORIENTED_EDGE('',*,*,#2969,.T.);
#2405=ORIENTED_EDGE('',*,*,#2967,.T.);
#2406=ORIENTED_EDGE('',*,*,#2610,.T.);
#2407=CARTESIAN_POINT('',(4.225,0.5,2.17));
#2408=DIRECTION('',(1.0,0.0,0.0));
#2409=DIRECTION('',(0.0,1.0,0.0));
#2410=ORIENTED_EDGE('',*,*,#2977,.T.);
#2411=ORIENTED_EDGE('',*,*,#2978,.T.);
#2412=ORIENTED_EDGE('',*,*,#2979,.T.);
#2413=ORIENTED_EDGE('',*,*,#2980,.T.);
#2414=ORIENTED_EDGE('',*,*,#2981,.T.);
#2415=ORIENTED_EDGE('',*,*,#2982,.T.);
#2416=ORIENTED_EDGE('',*,*,#2983,.T.);
#2417=ORIENTED_EDGE('',*,*,#2984,.T.);
#2418=ORIENTED_EDGE('',*,*,#2985,.T.);
#2419=ORIENTED_EDGE('',*,*,#2581,.F.);
#2420=CARTESIAN_POINT('',(4.225,0.5,2.17));
#2421=DIRECTION('',(1.0,0.0,0.0));
#2422=DIRECTION('',(0.0,1.0,0.0));
#2423=ORIENTED_EDGE('',*,*,#2985,.F.);
#2424=ORIENTED_EDGE('',*,*,#2986,.F.);
#2425=ORIENTED_EDGE('',*,*,#2590,.T.);
#2426=ORIENTED_EDGE('',*,*,#2582,.T.);
#2427=CARTESIAN_POINT('',(3.775,-0.4,2.07));
#2428=DIRECTION('',(0.0,0.0,-1.0));
#2429=DIRECTION('',(0.0,-1.0,0.0));
#2430=ORIENTED_EDGE('',*,*,#2986,.T.);
#2431=ORIENTED_EDGE('',*,*,#2984,.F.);
#2432=ORIENTED_EDGE('',*,*,#2987,.F.);
#2433=ORIENTED_EDGE('',*,*,#2591,.T.);
#2434=CARTESIAN_POINT('',(3.775,-1.3,1.62));
#2435=DIRECTION('',(0.0,0.447213595499998,-0.894427190999896));
#2436=DIRECTION('',(-1.0,0.0,0.0));
#2437=ORIENTED_EDGE('',*,*,#2987,.T.);
#2438=ORIENTED_EDGE('',*,*,#2983,.F.);
#2439=ORIENTED_EDGE('',*,*,#2988,.F.);
#2440=ORIENTED_EDGE('',*,*,#2592,.T.);
#2441=CARTESIAN_POINT('',(3.775,-3.0,2.07));
#2442=DIRECTION('',(0.0,-0.255892560316302,-0.966705227861507));
#2443=DIRECTION('',(0.0,-0.966705227861507,0.255892560316302));
#2444=ORIENTED_EDGE('',*,*,#2988,.T.);
#2445=ORIENTED_EDGE('',*,*,#2982,.F.);
#2446=ORIENTED_EDGE('',*,*,#2989,.F.);
#2447=ORIENTED_EDGE('',*,*,#2593,.T.);
#2448=CARTESIAN_POINT('',(3.775,-3.2,2.07));
#2449=DIRECTION('',(0.0,0.0,-1.0));
#2450=DIRECTION('',(0.0,-1.0,0.0));
#2451=ORIENTED_EDGE('',*,*,#2989,.T.);
#2452=ORIENTED_EDGE('',*,*,#2981,.F.);
#2453=ORIENTED_EDGE('',*,*,#2990,.F.);
#2454=ORIENTED_EDGE('',*,*,#2594,.T.);
#2455=CARTESIAN_POINT('',(3.775,-3.2,2.27));
#2456=DIRECTION('',(0.0,-1.0,0.0));
#2457=DIRECTION('',(0.0,0.0,-1.0));
#2458=ORIENTED_EDGE('',*,*,#2990,.T.);
#2459=ORIENTED_EDGE('',*,*,#2980,.F.);
#2460=ORIENTED_EDGE('',*,*,#2991,.F.);
#2461=ORIENTED_EDGE('',*,*,#2595,.T.);
#2462=CARTESIAN_POINT('',(3.775,-3.0,2.27));
#2463=DIRECTION('',(0.0,0.0,1.0));
#2464=DIRECTION('',(1.0,0.0,0.0));
#2465=ORIENTED_EDGE('',*,*,#2991,.T.);
#2466=ORIENTED_EDGE('',*,*,#2979,.F.);
#2467=ORIENTED_EDGE('',*,*,#2992,.F.);
#2468=ORIENTED_EDGE('',*,*,#2596,.T.);
#2469=CARTESIAN_POINT('',(3.775,-1.3,1.82));
#2470=DIRECTION('',(0.0,0.255892560316302,0.966705227861507));
#2471=DIRECTION('',(1.0,-0.0,0.0));
#2472=ORIENTED_EDGE('',*,*,#2992,.T.);
#2473=ORIENTED_EDGE('',*,*,#2978,.F.);
#2474=ORIENTED_EDGE('',*,*,#2993,.F.);
#2475=ORIENTED_EDGE('',*,*,#2597,.T.);
#2476=CARTESIAN_POINT('',(3.775,-0.4,2.27));
#2477=DIRECTION('',(0.0,-0.447213595499998,0.894427190999896));
#2478=DIRECTION('',(-1.0,0.0,0.0));
#2479=ORIENTED_EDGE('',*,*,#2598,.T.);
#2480=ORIENTED_EDGE('',*,*,#2993,.T.);
#2481=ORIENTED_EDGE('',*,*,#2977,.F.);
#2482=ORIENTED_EDGE('',*,*,#2580,.F.);
#2483=CARTESIAN_POINT('',(3.775,2.6,2.27));
#2484=DIRECTION('',(0.0,0.0,1.0));
#2485=DIRECTION('',(1.0,0.0,0.0));
#2486=ORIENTED_EDGE('',*,*,#2965,.F.);
#2487=ORIENTED_EDGE('',*,*,#2744,.T.);
#2488=ORIENTED_EDGE('',*,*,#2952,.T.);
#2489=ORIENTED_EDGE('',*,*,#2657,.F.);
#2490=CARTESIAN_POINT('',(4.225,3.1,6.7));
#2491=DIRECTION('',(-0.0,1.0,0.0));
#2492=DIRECTION('',(1.0,0.0,0.0));
#2493=ORIENTED_EDGE('',*,*,#2508,.T.);
#2494=ORIENTED_EDGE('',*,*,#2795,.T.);
#2495=ORIENTED_EDGE('',*,*,#2791,.T.);
#2496=ORIENTED_EDGE('',*,*,#2804,.F.);
#2497=CARTESIAN_POINT('',(4.775,2.45,6.15));
#2498=DIRECTION('',(-1.0,0.0,-0.0));
#2499=DIRECTION('',(0.0,0.0,-1.0));
#2500=AXIS2_PLACEMENT_3D('',#2994,#2995,#2996);
#2501=AXIS2_PLACEMENT_3D('',#2997,#2998,#2999);
#2502=AXIS2_PLACEMENT_3D('',#3000,#3001,#3002);
#2503=AXIS2_PLACEMENT_3D('',#3003,#3004,#3005);
#2504=AXIS2_PLACEMENT_3D('',#3006,#3007,#3008);
#2505=AXIS2_PLACEMENT_3D('',#3009,#3010,#3011);
#2506=AXIS2_PLACEMENT_3D('',#3012,#3013,#3014);
#2507=AXIS2_PLACEMENT_3D('',#3015,#3016,#3017);
#2508=EDGE_CURVE('',#3018,#3019,#3020,.T.);
#2509=EDGE_CURVE('',#3021,#3018,#3022,.T.);
#2510=EDGE_CURVE('',#3023,#3021,#3024,.T.);
#2511=EDGE_CURVE('',#3023,#3019,#3025,.T.);
#2512=EDGE_CURVE('',#3026,#3027,#3028,.T.);
#2513=EDGE_CURVE('',#3029,#3026,#3030,.T.);
#2514=EDGE_CURVE('',#3031,#3029,#3032,.T.);
#2515=EDGE_CURVE('',#3031,#3027,#3033,.T.);
#2516=EDGE_CURVE('',#3034,#3035,#3036,.T.);
#2517=EDGE_CURVE('',#3037,#3034,#3038,.T.);
#2518=EDGE_CURVE('',#3037,#3039,#3040,.T.);
#2519=EDGE_CURVE('',#3039,#3035,#3041,.T.);
#2520=EDGE_CURVE('',#3042,#3043,#3044,.T.);
#2521=EDGE_CURVE('',#3045,#3042,#3046,.T.);
#2522=EDGE_CURVE('',#3047,#3045,#3048,.T.);
#2523=EDGE_CURVE('',#3047,#3043,#3049,.T.);
#2524=EDGE_CURVE('',#3050,#3051,#3052,.T.);
#2525=EDGE_CURVE('',#3053,#3050,#3054,.T.);
#2526=EDGE_CURVE('',#3053,#3055,#3056,.T.);
#2527=EDGE_CURVE('',#3055,#3051,#3057,.T.);
#2528=EDGE_CURVE('',#3058,#3059,#3060,.T.);
#2529=EDGE_CURVE('',#3061,#3058,#3062,.T.);
#2530=EDGE_CURVE('',#3061,#3063,#3064,.T.);
#2531=EDGE_CURVE('',#3063,#3059,#3065,.T.);
#2532=EDGE_CURVE('',#3066,#3067,#3068,.T.);
#2533=EDGE_CURVE('',#3069,#3066,#3070,.T.);
#2534=EDGE_CURVE('',#3071,#3069,#3072,.T.);
#2535=EDGE_CURVE('',#3071,#3067,#3073,.T.);
#2536=EDGE_CURVE('',#3074,#3075,#3076,.T.);
#2537=EDGE_CURVE('',#3077,#3074,#3078,.T.);
#2538=EDGE_CURVE('',#3077,#3079,#3080,.T.);
#2539=EDGE_CURVE('',#3079,#3075,#3081,.T.);
#2540=EDGE_CURVE('',#3082,#3083,#3084,.T.);
#2541=EDGE_CURVE('',#3085,#3082,#3086,.T.);
#2542=EDGE_CURVE('',#3085,#3087,#3088,.T.);
#2543=EDGE_CURVE('',#3087,#3083,#3089,.T.);
#2544=EDGE_CURVE('',#3090,#3091,#3092,.T.);
#2545=EDGE_CURVE('',#3093,#3091,#3094,.T.);
#2546=EDGE_CURVE('',#3095,#3093,#3096,.T.);
#2547=EDGE_CURVE('',#3095,#3090,#3097,.T.);
#2548=EDGE_CURVE('',#3098,#3099,#3100,.T.);
#2549=EDGE_CURVE('',#3101,#3099,#3102,.T.);
#2550=EDGE_CURVE('',#3103,#3101,#3104,.T.);
#2551=EDGE_CURVE('',#3103,#3098,#3105,.T.);
#2552=EDGE_CURVE('',#3106,#3107,#3108,.T.);
#2553=EDGE_CURVE('',#3107,#3109,#3110,.T.);
#2554=EDGE_CURVE('',#3111,#3109,#3112,.T.);
#2555=EDGE_CURVE('',#3083,#3111,#3113,.T.);
#2556=EDGE_CURVE('',#3114,#3087,#3115,.T.);
#2557=EDGE_CURVE('',#3116,#3114,#3117,.T.);
#2558=EDGE_CURVE('',#3106,#3116,#3118,.T.);
#2559=EDGE_CURVE('',#3119,#3120,#3121,.T.);
#2560=EDGE_CURVE('',#3122,#3119,#3123,.T.);
#2561=EDGE_CURVE('',#3124,#3122,#3125,.T.);
#2562=EDGE_CURVE('',#3124,#3126,#3127,.T.);
#2563=EDGE_CURVE('',#3120,#3126,#3128,.T.);
#2564=EDGE_CURVE('',#3129,#3103,#3130,.T.);
#2565=EDGE_CURVE('',#3131,#3129,#3132,.T.);
#2566=EDGE_CURVE('',#3098,#3131,#3133,.T.);
#2567=EDGE_CURVE('',#3134,#3135,#3136,.T.);
#2568=EDGE_CURVE('',#3137,#3135,#3138,.T.);
#2569=EDGE_CURVE('',#3139,#3137,#3140,.T.);
#2570=EDGE_CURVE('',#3139,#3141,#3142,.T.);
#2571=EDGE_CURVE('',#3099,#3141,#3143,.T.);
#2572=EDGE_CURVE('',#3144,#3131,#3145,.T.);
#2573=EDGE_CURVE('',#3109,#3144,#3146,.T.);
#2574=EDGE_CURVE('',#3147,#3107,#3148,.T.);
#2575=EDGE_CURVE('',#3134,#3147,#3149,.T.);
#2576=EDGE_CURVE('',#3150,#3151,#3152,.T.);
#2577=EDGE_CURVE('',#3151,#3153,#3154,.T.);
#2578=EDGE_CURVE('',#3155,#3153,#3156,.T.);
#2579=EDGE_CURVE('',#3150,#3155,#3157,.T.);
#2580=EDGE_CURVE('',#3158,#3159,#3160,.T.);
#2581=EDGE_CURVE('',#3159,#3161,#3162,.T.);
#2582=EDGE_CURVE('',#3163,#3161,#3164,.T.);
#2583=EDGE_CURVE('',#3158,#3163,#3165,.T.);
#2584=EDGE_CURVE('',#3166,#3167,#3168,.T.);
#2585=EDGE_CURVE('',#3169,#3166,#3170,.T.);
#2586=EDGE_CURVE('',#3171,#3169,#3172,.T.);
#2587=EDGE_CURVE('',#3173,#3171,#3174,.T.);
#2588=EDGE_CURVE('',#3175,#3173,#3176,.T.);
#2589=EDGE_CURVE('',#3167,#3175,#3177,.T.);
#2590=EDGE_CURVE('',#3178,#3163,#3179,.T.);
#2591=EDGE_CURVE('',#3180,#3178,#3181,.T.);
#2592=EDGE_CURVE('',#3182,#3180,#3183,.T.);
#2593=EDGE_CURVE('',#3184,#3182,#3185,.T.);
#2594=EDGE_CURVE('',#3186,#3184,#3187,.T.);
#2595=EDGE_CURVE('',#3188,#3186,#3189,.T.);
#2596=EDGE_CURVE('',#3190,#3188,#3191,.T.);
#2597=EDGE_CURVE('',#3192,#3190,#3193,.T.);
#2598=EDGE_CURVE('',#3158,#3192,#3194,.T.);
#2599=EDGE_CURVE('',#3195,#3196,#3197,.T.);
#2600=EDGE_CURVE('',#3198,#3195,#3199,.T.);
#2601=EDGE_CURVE('',#3200,#3198,#3201,.T.);
#2602=EDGE_CURVE('',#3202,#3200,#3203,.T.);
#2603=EDGE_CURVE('',#3204,#3202,#3205,.T.);
#2604=EDGE_CURVE('',#3196,#3204,#3206,.T.);
#2605=EDGE_CURVE('',#3207,#3208,#3209,.T.);
#2606=EDGE_CURVE('',#3208,#3210,#3211,.T.);
#2607=EDGE_CURVE('',#3210,#3212,#3213,.T.);
#2608=EDGE_CURVE('',#3214,#3212,#3215,.T.);
#2609=EDGE_CURVE('',#3214,#3216,#3217,.T.);
#2610=EDGE_CURVE('',#3218,#3216,#3219,.T.);
#2611=EDGE_CURVE('',#3218,#3220,#3221,.T.);
#2612=EDGE_CURVE('',#3207,#3220,#3222,.T.);
#2613=EDGE_CURVE('',#3223,#3167,#3224,.T.);
#2614=EDGE_CURVE('',#3175,#3225,#3226,.T.);
#2615=EDGE_CURVE('',#3227,#3225,#3228,.T.);
#2616=EDGE_CURVE('',#3227,#3229,#3230,.T.);
#2617=EDGE_CURVE('',#3231,#3229,#3232,.T.);
#2618=EDGE_CURVE('',#3231,#3233,#3234,.T.);
#2619=EDGE_CURVE('',#3223,#3233,#3235,.T.);
#2620=EDGE_CURVE('',#3236,#3237,#3238,.T.);
#2621=EDGE_CURVE('',#3237,#3239,#3240,.T.);
#2622=EDGE_CURVE('',#3239,#3241,#3242,.T.);
#2623=EDGE_CURVE('',#3243,#3241,#3244,.T.);
#2624=EDGE_CURVE('',#3243,#3245,#3246,.T.);
#2625=EDGE_CURVE('',#3247,#3245,#3248,.T.);
#2626=EDGE_CURVE('',#3247,#3249,#3250,.T.);
#2627=EDGE_CURVE('',#3236,#3249,#3251,.T.);
#2628=EDGE_CURVE('',#3252,#3253,#3254,.T.);
#2629=EDGE_CURVE('',#3253,#3255,#3256,.T.);
#2630=EDGE_CURVE('',#3255,#3257,#3258,.T.);
#2631=EDGE_CURVE('',#3119,#3257,#3259,.T.);
#2632=EDGE_CURVE('',#3252,#3120,#3260,.T.);
#2633=EDGE_CURVE('',#3126,#3261,#3262,.T.);
#2634=EDGE_CURVE('',#3196,#3261,#3263,.T.);
#2635=EDGE_CURVE('',#3204,#3264,#3265,.T.);
#2636=EDGE_CURVE('',#3266,#3264,#3267,.T.);
#2637=EDGE_CURVE('',#3266,#3207,#3268,.T.);
#2638=EDGE_CURVE('',#3220,#3269,#3270,.T.);
#2639=EDGE_CURVE('',#3271,#3269,#3272,.T.);
#2640=EDGE_CURVE('',#3271,#3223,#3273,.T.);
#2641=EDGE_CURVE('',#3233,#3274,#3275,.T.);
#2642=EDGE_CURVE('',#3276,#3274,#3277,.T.);
#2643=EDGE_CURVE('',#3276,#3236,#3278,.T.);
#2644=EDGE_CURVE('',#3249,#3279,#3280,.T.);
#2645=EDGE_CURVE('',#3281,#3279,#3282,.T.);
#2646=EDGE_CURVE('',#3281,#3252,#3283,.T.);
#2647=EDGE_CURVE('',#3284,#3285,#3286,.T.);
#2648=EDGE_CURVE('',#3285,#3287,#3288,.T.);
#2649=EDGE_CURVE('',#3287,#3289,#3290,.T.);
#2650=EDGE_CURVE('',#3289,#3284,#3291,.T.);
#2651=EDGE_CURVE('',#3292,#3293,#3294,.T.);
#2652=EDGE_CURVE('',#3293,#3295,#3296,.T.);
#2653=EDGE_CURVE('',#3295,#3297,#3298,.T.);
#2654=EDGE_CURVE('',#3297,#3292,#3299,.T.);
#2655=EDGE_CURVE('',#3300,#3301,#3302,.T.);
#2656=EDGE_CURVE('',#3301,#3303,#3304,.T.);
#2657=EDGE_CURVE('',#3303,#3305,#3306,.T.);
#2658=EDGE_CURVE('',#3305,#3300,#3307,.T.);
#2659=EDGE_CURVE('',#3308,#3309,#3310,.T.);
#2660=EDGE_CURVE('',#3309,#3311,#3312,.T.);
#2661=EDGE_CURVE('',#3311,#3313,#3314,.T.);
#2662=EDGE_CURVE('',#3313,#3308,#3315,.T.);
#2663=EDGE_CURVE('',#3316,#3289,#3317,.T.);
#2664=EDGE_CURVE('',#3316,#3318,#3319,.T.);
#2665=EDGE_CURVE('',#3318,#3257,#3320,.T.);
#2666=EDGE_CURVE('',#3255,#3321,#3322,.T.);
#2667=EDGE_CURVE('',#3067,#3321,#3323,.T.);
#2668=EDGE_CURVE('',#3284,#3071,#3324,.T.);
#2669=EDGE_CURVE('',#3074,#3325,#3326,.T.);
#2670=EDGE_CURVE('',#3253,#3325,#3327,.T.);
#2671=EDGE_CURVE('',#3281,#3077,#3328,.T.);
#2672=EDGE_CURVE('',#3285,#3069,#3329,.T.);
#2673=EDGE_CURVE('',#3247,#3330,#3331,.T.);
#2674=EDGE_CURVE('',#3075,#3330,#3332,.T.);
#2675=EDGE_CURVE('',#3079,#3279,#3333,.T.);
#2676=EDGE_CURVE('',#3066,#3334,#3335,.T.);
#2677=EDGE_CURVE('',#3245,#3334,#3336,.T.);
#2678=EDGE_CURVE('',#3337,#3243,#3338,.T.);
#2679=EDGE_CURVE('',#3337,#3339,#3340,.T.);
#2680=EDGE_CURVE('',#3339,#3287,#3341,.T.);
#2681=EDGE_CURVE('',#3325,#3330,#3342,.T.);
#2682=EDGE_CURVE('',#3343,#3247,#3344,.T.);
#2683=EDGE_CURVE('',#3345,#3343,#3346,.T.);
#2684=EDGE_CURVE('',#3345,#3253,#3347,.T.);
#2685=EDGE_CURVE('',#3348,#3345,#3349,.T.);
#2686=EDGE_CURVE('',#3350,#3348,#3351,.T.);
#2687=EDGE_CURVE('',#3352,#3350,#3353,.T.);
#2688=EDGE_CURVE('',#3255,#3352,#3354,.T.);
#2689=EDGE_CURVE('',#3355,#3155,#3356,.T.);
#2690=EDGE_CURVE('',#3357,#3355,#3358,.T.);
#2691=EDGE_CURVE('',#3359,#3357,#3360,.T.);
#2692=EDGE_CURVE('',#3361,#3359,#3362,.T.);
#2693=EDGE_CURVE('',#3363,#3361,#3364,.T.);
#2694=EDGE_CURVE('',#3365,#3363,#3366,.T.);
#2695=EDGE_CURVE('',#3367,#3365,#3368,.T.);
#2696=EDGE_CURVE('',#3369,#3367,#3370,.T.);
#2697=EDGE_CURVE('',#3150,#3369,#3371,.T.);
#2698=EDGE_CURVE('',#3352,#3372,#3373,.T.);
#2699=EDGE_CURVE('',#3245,#3372,#3374,.T.);
#2700=EDGE_CURVE('',#3321,#3334,#3375,.T.);
#2701=EDGE_CURVE('',#3372,#3376,#3377,.T.);
#2702=EDGE_CURVE('',#3376,#3378,#3379,.T.);
#2703=EDGE_CURVE('',#3378,#3343,#3380,.T.);
#2704=EDGE_CURVE('',#3151,#3381,#3382,.T.);
#2705=EDGE_CURVE('',#3381,#3383,#3384,.T.);
#2706=EDGE_CURVE('',#3383,#3385,#3386,.T.);
#2707=EDGE_CURVE('',#3385,#3387,#3388,.T.);
#2708=EDGE_CURVE('',#3387,#3389,#3390,.T.);
#2709=EDGE_CURVE('',#3389,#3391,#3392,.T.);
#2710=EDGE_CURVE('',#3391,#3393,#3394,.T.);
#2711=EDGE_CURVE('',#3393,#3395,#3396,.T.);
#2712=EDGE_CURVE('',#3395,#3153,#3397,.T.);
#2713=EDGE_CURVE('',#3348,#3378,#3398,.T.);
#2714=EDGE_CURVE('',#3350,#3376,#3399,.T.);
#2715=EDGE_CURVE('',#3355,#3395,#3400,.T.);
#2716=EDGE_CURVE('',#3357,#3393,#3401,.T.);
#2717=EDGE_CURVE('',#3359,#3391,#3402,.T.);
#2718=EDGE_CURVE('',#3361,#3389,#3403,.T.);
#2719=EDGE_CURVE('',#3363,#3387,#3404,.T.);
#2720=EDGE_CURVE('',#3365,#3385,#3405,.T.);
#2721=EDGE_CURVE('',#3367,#3383,#3406,.T.);
#2722=EDGE_CURVE('',#3369,#3381,#3407,.T.);
#2723=EDGE_CURVE('',#3339,#3316,#3408,.T.);
#2724=EDGE_CURVE('',#3409,#3101,#3410,.T.);
#2725=EDGE_CURVE('',#3141,#3411,#3412,.T.);
#2726=EDGE_CURVE('',#3411,#3413,#3414,.T.);
#2727=EDGE_CURVE('',#3413,#3415,#3416,.T.);
#2728=EDGE_CURVE('',#3415,#3417,#3418,.T.);
#2729=EDGE_CURVE('',#3417,#3419,#3420,.T.);
#2730=EDGE_CURVE('',#3419,#3409,#3421,.T.);
#2731=EDGE_CURVE('',#3422,#3423,#3424,.T.);
#2732=EDGE_CURVE('',#3425,#3422,#3426,.T.);
#2733=EDGE_CURVE('',#3425,#3427,#3428,.T.);
#2734=EDGE_CURVE('',#3427,#3429,#3430,.T.);
#2735=EDGE_CURVE('',#3429,#3431,#3432,.T.);
#2736=EDGE_CURVE('',#3431,#3433,#3434,.T.);
#2737=EDGE_CURVE('',#3433,#3318,#3435,.T.);
#2738=EDGE_CURVE('',#3337,#3436,#3437,.T.);
#2739=EDGE_CURVE('',#3438,#3436,#3439,.T.);
#2740=EDGE_CURVE('',#3440,#3438,#3441,.T.);
#2741=EDGE_CURVE('',#3442,#3440,#3443,.T.);
#2742=EDGE_CURVE('',#3442,#3444,#3445,.T.);
#2743=EDGE_CURVE('',#3446,#3444,#3447,.T.);
#2744=EDGE_CURVE('',#3448,#3446,#3449,.T.);
#2745=EDGE_CURVE('',#3450,#3448,#3451,.T.);
#2746=EDGE_CURVE('',#3450,#3452,#3453,.T.);
#2747=EDGE_CURVE('',#3423,#3452,#3454,.T.);
#2748=EDGE_CURVE('',#3455,#3456,#3457,.T.);
#2749=EDGE_CURVE('',#3456,#3458,#3459,.T.);
#2750=EDGE_CURVE('',#3458,#3085,#3460,.T.);
#2751=EDGE_CURVE('',#3082,#3409,#3461,.T.);
#2752=EDGE_CURVE('',#3462,#3419,#3463,.T.);
#2753=EDGE_CURVE('',#3462,#3455,#3464,.T.);
#2754=EDGE_CURVE('',#3465,#3466,#3467,.T.);
#2755=EDGE_CURVE('',#3468,#3466,#3469,.T.);
#2756=EDGE_CURVE('',#3468,#3470,#3471,.T.);
#2757=EDGE_CURVE('',#3470,#3472,#3473,.T.);
#2758=EDGE_CURVE('',#3472,#3147,#3474,.T.);
#2759=EDGE_CURVE('',#3455,#3106,#3475,.T.);
#2760=EDGE_CURVE('',#3476,#3462,#3477,.T.);
#2761=EDGE_CURVE('',#3476,#3465,#3478,.T.);
#2762=EDGE_CURVE('',#3479,#3480,#3481,.T.);
#2763=EDGE_CURVE('',#3482,#3480,#3483,.T.);
#2764=EDGE_CURVE('',#3484,#3482,#3485,.T.);
#2765=EDGE_CURVE('',#3484,#3479,#3486,.T.);
#2766=EDGE_CURVE('',#3487,#3488,#3489,.T.);
#2767=EDGE_CURVE('',#3490,#3488,#3491,.T.);
#2768=EDGE_CURVE('',#3492,#3490,#3493,.T.);
#2769=EDGE_CURVE('',#3492,#3487,#3494,.T.);
#2770=EDGE_CURVE('',#3495,#3208,#3496,.T.);
#2771=EDGE_CURVE('',#3497,#3495,#3498,.T.);
#2772=EDGE_CURVE('',#3499,#3497,#3500,.T.);
#2773=EDGE_CURVE('',#3501,#3499,#3502,.T.);
#2774=EDGE_CURVE('',#3210,#3501,#3503,.T.);
#2775=EDGE_CURVE('',#3504,#3492,#3505,.T.);
#2776=EDGE_CURVE('',#3506,#3504,#3507,.T.);
#2777=EDGE_CURVE('',#3508,#3506,#3509,.T.);
#2778=EDGE_CURVE('',#3510,#3508,#3511,.T.);
#2779=EDGE_CURVE('',#3512,#3510,#3513,.T.);
#2780=EDGE_CURVE('',#3514,#3512,#3515,.T.);
#2781=EDGE_CURVE('',#3516,#3514,#3517,.T.);
#2782=EDGE_CURVE('',#3518,#3516,#3519,.T.);
#2783=EDGE_CURVE('',#3520,#3518,#3521,.T.);
#2784=EDGE_CURVE('',#3522,#3520,#3523,.T.);
#2785=EDGE_CURVE('',#3524,#3522,#3525,.T.);
#2786=EDGE_CURVE('',#3526,#3524,#3527,.T.);
#2787=EDGE_CURVE('',#3487,#3526,#3528,.T.);
#2788=EDGE_CURVE('',#3501,#3529,#3530,.T.);
#2789=EDGE_CURVE('',#3200,#3529,#3531,.T.);
#2790=EDGE_CURVE('',#3200,#3532,#3533,.T.);
#2791=EDGE_CURVE('',#3534,#3532,#3535,.T.);
#2792=EDGE_CURVE('',#3210,#3534,#3536,.T.);
#2793=EDGE_CURVE('',#3423,#3313,#3537,.T.);
#2794=EDGE_CURVE('',#3452,#3212,#3538,.T.);
#2795=EDGE_CURVE('',#3019,#3534,#3539,.T.);
#2796=EDGE_CURVE('',#3308,#3023,#3540,.T.);
#2797=EDGE_CURVE('',#3061,#3266,#3541,.T.);
#2798=EDGE_CURVE('',#3058,#3542,#3543,.T.);
#2799=EDGE_CURVE('',#3208,#3542,#3544,.T.);
#2800=EDGE_CURVE('',#3309,#3021,#3545,.T.);
#2801=EDGE_CURVE('',#3202,#3546,#3547,.T.);
#2802=EDGE_CURVE('',#3059,#3546,#3548,.T.);
#2803=EDGE_CURVE('',#3063,#3264,#3549,.T.);
#2804=EDGE_CURVE('',#3018,#3532,#3550,.T.);
#2805=EDGE_CURVE('',#3425,#3198,#3551,.T.);
#2806=EDGE_CURVE('',#3422,#3311,#3552,.T.);
#2807=EDGE_CURVE('',#3542,#3546,#3553,.T.);
#2808=EDGE_CURVE('',#3554,#3202,#3555,.T.);
#2809=EDGE_CURVE('',#3495,#3554,#3556,.T.);
#2810=EDGE_CURVE('',#3557,#3554,#3558,.T.);
#2811=EDGE_CURVE('',#3497,#3557,#3559,.T.);
#2812=EDGE_CURVE('',#3560,#3557,#3561,.T.);
#2813=EDGE_CURVE('',#3499,#3560,#3562,.T.);
#2814=EDGE_CURVE('',#3529,#3560,#3563,.T.);
#2815=EDGE_CURVE('',#3488,#3564,#3565,.T.);
#2816=EDGE_CURVE('',#3564,#3566,#3567,.T.);
#2817=EDGE_CURVE('',#3566,#3568,#3569,.T.);
#2818=EDGE_CURVE('',#3568,#3570,#3571,.T.);
#2819=EDGE_CURVE('',#3570,#3572,#3573,.T.);
#2820=EDGE_CURVE('',#3572,#3574,#3575,.T.);
#2821=EDGE_CURVE('',#3574,#3576,#3577,.T.);
#2822=EDGE_CURVE('',#3576,#3578,#3579,.T.);
#2823=EDGE_CURVE('',#3578,#3580,#3581,.T.);
#2824=EDGE_CURVE('',#3580,#3582,#3583,.T.);
#2825=EDGE_CURVE('',#3582,#3584,#3585,.T.);
#2826=EDGE_CURVE('',#3584,#3586,#3587,.T.);
#2827=EDGE_CURVE('',#3586,#3490,#3588,.T.);
#2828=EDGE_CURVE('',#3504,#3586,#3589,.T.);
#2829=EDGE_CURVE('',#3506,#3584,#3590,.T.);
#2830=EDGE_CURVE('',#3508,#3582,#3591,.T.);
#2831=EDGE_CURVE('',#3510,#3580,#3592,.T.);
#2832=EDGE_CURVE('',#3512,#3578,#3593,.T.);
#2833=EDGE_CURVE('',#3514,#3576,#3594,.T.);
#2834=EDGE_CURVE('',#3516,#3574,#3595,.T.);
#2835=EDGE_CURVE('',#3518,#3572,#3596,.T.);
#2836=EDGE_CURVE('',#3520,#3570,#3597,.T.);
#2837=EDGE_CURVE('',#3522,#3568,#3598,.T.);
#2838=EDGE_CURVE('',#3524,#3566,#3599,.T.);
#2839=EDGE_CURVE('',#3526,#3564,#3600,.T.);
#2840=EDGE_CURVE('',#3433,#3122,#3601,.T.);
#2841=EDGE_CURVE('',#3436,#3241,#3602,.T.);
#2842=EDGE_CURVE('',#3442,#3227,#3603,.T.);
#2843=EDGE_CURVE('',#3444,#3225,#3604,.T.);
#2844=EDGE_CURVE('',#3450,#3214,#3605,.T.);
#2845=EDGE_CURVE('',#3606,#3195,#3607,.T.);
#2846=EDGE_CURVE('',#3606,#3427,#3608,.T.);
#2847=EDGE_CURVE('',#3431,#3124,#3609,.T.);
#2848=EDGE_CURVE('',#3429,#3610,#3611,.T.);
#2849=EDGE_CURVE('',#3610,#3124,#3612,.T.);
#2850=EDGE_CURVE('',#3610,#3261,#3613,.T.);
#2851=EDGE_CURVE('',#3614,#3411,#3615,.T.);
#2852=EDGE_CURVE('',#3139,#3614,#3616,.T.);
#2853=EDGE_CURVE('',#3472,#3617,#3618,.T.);
#2854=EDGE_CURVE('',#3617,#3619,#3620,.T.);
#2855=EDGE_CURVE('',#3619,#3090,#3621,.T.);
#2856=EDGE_CURVE('',#3095,#3622,#3623,.T.);
#2857=EDGE_CURVE('',#3134,#3622,#3624,.T.);
#2858=EDGE_CURVE('',#3606,#3610,#3625,.T.);
#2859=EDGE_CURVE('',#3137,#3626,#3627,.T.);
#2860=EDGE_CURVE('',#3614,#3626,#3628,.T.);
#2861=EDGE_CURVE('',#3626,#3629,#3630,.T.);
#2862=EDGE_CURVE('',#3629,#3622,#3631,.T.);
#2863=EDGE_CURVE('',#3093,#3413,#3632,.T.);
#2864=EDGE_CURVE('',#3111,#3633,#3634,.T.);
#2865=EDGE_CURVE('',#3633,#3129,#3635,.T.);
#2866=EDGE_CURVE('',#3636,#3637,#3638,.T.);
#2867=EDGE_CURVE('',#3636,#3415,#3639,.T.);
#2868=EDGE_CURVE('',#3640,#3091,#3641,.T.);
#2869=EDGE_CURVE('',#3642,#3640,#3643,.T.);
#2870=EDGE_CURVE('',#3470,#3642,#3644,.T.);
#2871=EDGE_CURVE('',#3637,#3468,#3645,.T.);
#2872=EDGE_CURVE('',#3646,#3637,#3647,.T.);
#2873=EDGE_CURVE('',#3466,#3646,#3648,.T.);
#2874=EDGE_CURVE('',#3649,#3646,#3650,.T.);
#2875=EDGE_CURVE('',#3465,#3649,#3651,.T.);
#2876=EDGE_CURVE('',#3417,#3476,#3652,.T.);
#2877=EDGE_CURVE('',#3636,#3649,#3653,.T.);
#2878=EDGE_CURVE('',#3116,#3456,#3654,.T.);
#2879=EDGE_CURVE('',#3642,#3617,#3655,.T.);
#2880=EDGE_CURVE('',#3114,#3458,#3656,.T.);
#2881=EDGE_CURVE('',#3640,#3619,#3657,.T.);
#2882=EDGE_CURVE('',#3135,#3629,#3658,.T.);
#2883=EDGE_CURVE('',#3144,#3633,#3659,.T.);
#2884=EDGE_CURVE('',#3438,#3297,#3660,.T.);
#2885=EDGE_CURVE('',#3239,#3661,#3662,.T.);
#2886=EDGE_CURVE('',#3043,#3661,#3663,.T.);
#2887=EDGE_CURVE('',#3292,#3047,#3664,.T.);
#2888=EDGE_CURVE('',#3053,#3276,#3665,.T.);
#2889=EDGE_CURVE('',#3050,#3666,#3667,.T.);
#2890=EDGE_CURVE('',#3237,#3666,#3668,.T.);
#2891=EDGE_CURVE('',#3293,#3045,#3669,.T.);
#2892=EDGE_CURVE('',#3231,#3670,#3671,.T.);
#2893=EDGE_CURVE('',#3051,#3670,#3672,.T.);
#2894=EDGE_CURVE('',#3055,#3274,#3673,.T.);
#2895=EDGE_CURVE('',#3042,#3674,#3675,.T.);
#2896=EDGE_CURVE('',#3229,#3674,#3676,.T.);
#2897=EDGE_CURVE('',#3440,#3295,#3677,.T.);
#2898=EDGE_CURVE('',#3666,#3670,#3678,.T.);
#2899=EDGE_CURVE('',#3679,#3231,#3680,.T.);
#2900=EDGE_CURVE('',#3681,#3679,#3682,.T.);
#2901=EDGE_CURVE('',#3681,#3237,#3683,.T.);
#2902=EDGE_CURVE('',#3684,#3681,#3685,.T.);
#2903=EDGE_CURVE('',#3686,#3684,#3687,.T.);
#2904=EDGE_CURVE('',#3688,#3686,#3689,.T.);
#2905=EDGE_CURVE('',#3239,#3688,#3690,.T.);
#2906=EDGE_CURVE('',#3691,#3484,#3692,.T.);
#2907=EDGE_CURVE('',#3693,#3691,#3694,.T.);
#2908=EDGE_CURVE('',#3695,#3693,#3696,.T.);
#2909=EDGE_CURVE('',#3697,#3695,#3698,.T.);
#2910=EDGE_CURVE('',#3699,#3697,#3700,.T.);
#2911=EDGE_CURVE('',#3701,#3699,#3702,.T.);
#2912=EDGE_CURVE('',#3703,#3701,#3704,.T.);
#2913=EDGE_CURVE('',#3705,#3703,#3706,.T.);
#2914=EDGE_CURVE('',#3707,#3705,#3708,.T.);
#2915=EDGE_CURVE('',#3709,#3707,#3710,.T.);
#2916=EDGE_CURVE('',#3711,#3709,#3712,.T.);
#2917=EDGE_CURVE('',#3713,#3711,#3714,.T.);
#2918=EDGE_CURVE('',#3479,#3713,#3715,.T.);
#2919=EDGE_CURVE('',#3688,#3716,#3717,.T.);
#2920=EDGE_CURVE('',#3229,#3716,#3718,.T.);
#2921=EDGE_CURVE('',#3661,#3674,#3719,.T.);
#2922=EDGE_CURVE('',#3716,#3720,#3721,.T.);
#2923=EDGE_CURVE('',#3720,#3722,#3723,.T.);
#2924=EDGE_CURVE('',#3722,#3679,#3724,.T.);
#2925=EDGE_CURVE('',#3480,#3725,#3726,.T.);
#2926=EDGE_CURVE('',#3725,#3727,#3728,.T.);
#2927=EDGE_CURVE('',#3727,#3729,#3730,.T.);
#2928=EDGE_CURVE('',#3729,#3731,#3732,.T.);
#2929=EDGE_CURVE('',#3731,#3733,#3734,.T.);
#2930=EDGE_CURVE('',#3733,#3735,#3736,.T.);
#2931=EDGE_CURVE('',#3735,#3737,#3738,.T.);
#2932=EDGE_CURVE('',#3737,#3739,#3740,.T.);
#2933=EDGE_CURVE('',#3739,#3741,#3742,.T.);
#2934=EDGE_CURVE('',#3741,#3743,#3744,.T.);
#2935=EDGE_CURVE('',#3743,#3745,#3746,.T.);
#2936=EDGE_CURVE('',#3745,#3747,#3748,.T.);
#2937=EDGE_CURVE('',#3747,#3482,#3749,.T.);
#2938=EDGE_CURVE('',#3684,#3722,#3750,.T.);
#2939=EDGE_CURVE('',#3686,#3720,#3751,.T.);
#2940=EDGE_CURVE('',#3691,#3747,#3752,.T.);
#2941=EDGE_CURVE('',#3693,#3745,#3753,.T.);
#2942=EDGE_CURVE('',#3695,#3743,#3754,.T.);
#2943=EDGE_CURVE('',#3697,#3741,#3755,.T.);
#2944=EDGE_CURVE('',#3699,#3739,#3756,.T.);
#2945=EDGE_CURVE('',#3701,#3737,#3757,.T.);
#2946=EDGE_CURVE('',#3703,#3735,#3758,.T.);
#2947=EDGE_CURVE('',#3705,#3733,#3759,.T.);
#2948=EDGE_CURVE('',#3707,#3731,#3760,.T.);
#2949=EDGE_CURVE('',#3709,#3729,#3761,.T.);
#2950=EDGE_CURVE('',#3711,#3727,#3762,.T.);
#2951=EDGE_CURVE('',#3713,#3725,#3763,.T.);
#2952=EDGE_CURVE('',#3446,#3305,#3764,.T.);
#2953=EDGE_CURVE('',#3175,#3765,#3766,.T.);
#2954=EDGE_CURVE('',#3027,#3765,#3767,.T.);
#2955=EDGE_CURVE('',#3300,#3031,#3768,.T.);
#2956=EDGE_CURVE('',#3037,#3271,#3769,.T.);
#2957=EDGE_CURVE('',#3034,#3770,#3771,.T.);
#2958=EDGE_CURVE('',#3167,#3770,#3772,.T.);
#2959=EDGE_CURVE('',#3301,#3029,#3773,.T.);
#2960=EDGE_CURVE('',#3218,#3774,#3775,.T.);
#2961=EDGE_CURVE('',#3035,#3774,#3776,.T.);
#2962=EDGE_CURVE('',#3039,#3269,#3777,.T.);
#2963=EDGE_CURVE('',#3026,#3778,#3779,.T.);
#2964=EDGE_CURVE('',#3216,#3778,#3780,.T.);
#2965=EDGE_CURVE('',#3448,#3303,#3781,.T.);
#2966=EDGE_CURVE('',#3770,#3774,#3782,.T.);
#2967=EDGE_CURVE('',#3783,#3218,#3784,.T.);
#2968=EDGE_CURVE('',#3166,#3783,#3785,.T.);
#2969=EDGE_CURVE('',#3786,#3783,#3787,.T.);
#2970=EDGE_CURVE('',#3169,#3786,#3788,.T.);
#2971=EDGE_CURVE('',#3789,#3786,#3790,.T.);
#2972=EDGE_CURVE('',#3171,#3789,#3791,.T.);
#2973=EDGE_CURVE('',#3792,#3789,#3793,.T.);
#2974=EDGE_CURVE('',#3173,#3792,#3794,.T.);
#2975=EDGE_CURVE('',#3216,#3792,#3795,.T.);
#2976=EDGE_CURVE('',#3765,#3778,#3796,.T.);
#2977=EDGE_CURVE('',#3159,#3797,#3798,.T.);
#2978=EDGE_CURVE('',#3797,#3799,#3800,.T.);
#2979=EDGE_CURVE('',#3799,#3801,#3802,.T.);
#2980=EDGE_CURVE('',#3801,#3803,#3804,.T.);
#2981=EDGE_CURVE('',#3803,#3805,#3806,.T.);
#2982=EDGE_CURVE('',#3805,#3807,#3808,.T.);
#2983=EDGE_CURVE('',#3807,#3809,#3810,.T.);
#2984=EDGE_CURVE('',#3809,#3811,#3812,.T.);
#2985=EDGE_CURVE('',#3811,#3161,#3813,.T.);
#2986=EDGE_CURVE('',#3178,#3811,#3814,.T.);
#2987=EDGE_CURVE('',#3180,#3809,#3815,.T.);
#2988=EDGE_CURVE('',#3182,#3807,#3816,.T.);
#2989=EDGE_CURVE('',#3184,#3805,#3817,.T.);
#2990=EDGE_CURVE('',#3186,#3803,#3818,.T.);
#2991=EDGE_CURVE('',#3188,#3801,#3819,.T.);
#2992=EDGE_CURVE('',#3190,#3799,#3820,.T.);
#2993=EDGE_CURVE('',#3192,#3797,#3821,.T.);
#2994=CARTESIAN_POINT('',(2.0,0.5,2.17));
#2995=DIRECTION('',(-0.0,1.0,0.0));
#2996=DIRECTION('',(1.0,0.0,0.0));
#2997=CARTESIAN_POINT('',(2.0,0.5,2.17));
#2998=DIRECTION('',(0.0,1.0,0.0));
#2999=DIRECTION('',(-1.0,0.0,0.0));
#3000=CARTESIAN_POINT('',(4.0,0.5,2.17));
#3001=DIRECTION('',(-0.0,1.0,0.0));
#3002=DIRECTION('',(1.0,0.0,0.0));
#3003=CARTESIAN_POINT('',(4.0,0.5,2.17));
#3004=DIRECTION('',(0.0,1.0,0.0));
#3005=DIRECTION('',(-1.0,0.0,0.0));
#3006=CARTESIAN_POINT('',(3.0,0.5,0.17));
#3007=DIRECTION('',(-0.0,1.0,0.0));
#3008=DIRECTION('',(1.0,0.0,0.0));
#3009=CARTESIAN_POINT('',(3.0,0.5,0.17));
#3010=DIRECTION('',(0.0,1.0,0.0));
#3011=DIRECTION('',(-1.0,0.0,0.0));
#3012=CARTESIAN_POINT('',(5.0,0.5,0.17));
#3013=DIRECTION('',(-0.0,1.0,0.0));
#3014=DIRECTION('',(1.0,0.0,0.0));
#3015=CARTESIAN_POINT('',(5.0,0.5,0.17));
#3016=DIRECTION('',(0.0,1.0,0.0));
#3017=DIRECTION('',(-1.0,0.0,0.0));
#3018=VERTEX_POINT('',#3822);
#3019=VERTEX_POINT('',#3823);
#3020=LINE('',#3824,#3825);
#3021=VERTEX_POINT('',#3826);
#3022=CIRCLE('',#3827,0.45);
#3023=VERTEX_POINT('',#3828);
#3024=LINE('',#3829,#3830);
#3025=CIRCLE('',#3831,0.45);
#3026=VERTEX_POINT('',#3832);
#3027=VERTEX_POINT('',#3833);
#3028=LINE('',#3834,#3835);
#3029=VERTEX_POINT('',#3836);
#3030=CIRCLE('',#3837,0.45);
#3031=VERTEX_POINT('',#3838);
#3032=LINE('',#3839,#3840);
#3033=CIRCLE('',#3841,0.45);
#3034=VERTEX_POINT('',#3842);
#3035=VERTEX_POINT('',#3843);
#3036=LINE('',#3844,#3845);
#3037=VERTEX_POINT('',#3846);
#3038=CIRCLE('',#3847,0.25);
#3039=VERTEX_POINT('',#3848);
#3040=LINE('',#3849,#3850);
#3041=CIRCLE('',#3851,0.25);
#3042=VERTEX_POINT('',#3852);
#3043=VERTEX_POINT('',#3853);
#3044=LINE('',#3854,#3855);
#3045=VERTEX_POINT('',#3856);
#3046=CIRCLE('',#3857,0.45);
#3047=VERTEX_POINT('',#3858);
#3048=LINE('',#3859,#3860);
#3049=CIRCLE('',#3861,0.45);
#3050=VERTEX_POINT('',#3862);
#3051=VERTEX_POINT('',#3863);
#3052=LINE('',#3864,#3865);
#3053=VERTEX_POINT('',#3866);
#3054=CIRCLE('',#3867,0.25);
#3055=VERTEX_POINT('',#3868);
#3056=LINE('',#3869,#3870);
#3057=CIRCLE('',#3871,0.25);
#3058=VERTEX_POINT('',#3872);
#3059=VERTEX_POINT('',#3873);
#3060=LINE('',#3874,#3875);
#3061=VERTEX_POINT('',#3876);
#3062=CIRCLE('',#3877,0.25);
#3063=VERTEX_POINT('',#3878);
#3064=LINE('',#3879,#3880);
#3065=CIRCLE('',#3881,0.25);
#3066=VERTEX_POINT('',#3882);
#3067=VERTEX_POINT('',#3883);
#3068=LINE('',#3884,#3885);
#3069=VERTEX_POINT('',#3886);
#3070=CIRCLE('',#3887,0.45);
#3071=VERTEX_POINT('',#3888);
#3072=LINE('',#3889,#3890);
#3073=CIRCLE('',#3891,0.45);
#3074=VERTEX_POINT('',#3892);
#3075=VERTEX_POINT('',#3893);
#3076=LINE('',#3894,#3895);
#3077=VERTEX_POINT('',#3896);
#3078=CIRCLE('',#3897,0.25);
#3079=VERTEX_POINT('',#3898);
#3080=LINE('',#3899,#3900);
#3081=CIRCLE('',#3901,0.25);
#3082=VERTEX_POINT('',#3902);
#3083=VERTEX_POINT('',#3903);
#3084=LINE('',#3904,#3905);
#3085=VERTEX_POINT('',#3906);
#3086=LINE('',#3907,#3908);
#3087=VERTEX_POINT('',#3909);
#3088=LINE('',#3910,#3911);
#3089=LINE('',#3912,#3913);
#3090=VERTEX_POINT('',#3914);
#3091=VERTEX_POINT('',#3915);
#3092=LINE('',#3916,#3917);
#3093=VERTEX_POINT('',#3918);
#3094=LINE('',#3919,#3920);
#3095=VERTEX_POINT('',#3921);
#3096=LINE('',#3922,#3923);
#3097=LINE('',#3924,#3925);
#3098=VERTEX_POINT('',#3926);
#3099=VERTEX_POINT('',#3927);
#3100=LINE('',#3928,#3929);
#3101=VERTEX_POINT('',#3930);
#3102=LINE('',#3931,#3932);
#3103=VERTEX_POINT('',#3933);
#3104=LINE('',#3934,#3935);
#3105=LINE('',#3936,#3937);
#3106=VERTEX_POINT('',#3938);
#3107=VERTEX_POINT('',#3939);
#3108=LINE('',#3940,#3941);
#3109=VERTEX_POINT('',#3942);
#3110=LINE('',#3943,#3944);
#3111=VERTEX_POINT('',#3945);
#3112=LINE('',#3946,#3947);
#3113=LINE('',#3948,#3949);
#3114=VERTEX_POINT('',#3950);
#3115=LINE('',#3951,#3952);
#3116=VERTEX_POINT('',#3953);
#3117=LINE('',#3954,#3955);
#3118=LINE('',#3956,#3957);
#3119=VERTEX_POINT('',#3958);
#3120=VERTEX_POINT('',#3959);
#3121=LINE('',#3960,#3961);
#3122=VERTEX_POINT('',#3962);
#3123=CIRCLE('',#3963,0.3);
#3124=VERTEX_POINT('',#3964);
#3125=LINE('',#3965,#3966);
#3126=VERTEX_POINT('',#3967);
#3127=LINE('',#3968,#3969);
#3128=LINE('',#3970,#3971);
#3129=VERTEX_POINT('',#3972);
#3130=LINE('',#3973,#3974);
#3131=VERTEX_POINT('',#3975);
#3132=LINE('',#3976,#3977);
#3133=LINE('',#3978,#3979);
#3134=VERTEX_POINT('',#3980);
#3135=VERTEX_POINT('',#3981);
#3136=LINE('',#3982,#3983);
#3137=VERTEX_POINT('',#3984);
#3138=LINE('',#3985,#3986);
#3139=VERTEX_POINT('',#3987);
#3140=LINE('',#3988,#3989);
#3141=VERTEX_POINT('',#3990);
#3142=LINE('',#3991,#3992);
#3143=LINE('',#3993,#3994);
#3144=VERTEX_POINT('',#3995);
#3145=LINE('',#3996,#3997);
#3146=LINE('',#3998,#3999);
#3147=VERTEX_POINT('',#4000);
#3148=LINE('',#4001,#4002);
#3149=LINE('',#4003,#4004);
#3150=VERTEX_POINT('',#4005);
#3151=VERTEX_POINT('',#4006);
#3152=LINE('',#4007,#4008);
#3153=VERTEX_POINT('',#4009);
#3154=LINE('',#4010,#4011);
#3155=VERTEX_POINT('',#4012);
#3156=LINE('',#4013,#4014);
#3157=LINE('',#4015,#4016);
#3158=VERTEX_POINT('',#4017);
#3159=VERTEX_POINT('',#4018);
#3160=LINE('',#4019,#4020);
#3161=VERTEX_POINT('',#4021);
#3162=LINE('',#4022,#4023);
#3163=VERTEX_POINT('',#4024);
#3164=LINE('',#4025,#4026);
#3165=LINE('',#4027,#4028);
#3166=VERTEX_POINT('',#4029);
#3167=VERTEX_POINT('',#4030);
#3168=LINE('',#4031,#4032);
#3169=VERTEX_POINT('',#4033);
#3170=LINE('',#4034,#4035);
#3171=VERTEX_POINT('',#4036);
#3172=LINE('',#4037,#4038);
#3173=VERTEX_POINT('',#4039);
#3174=CIRCLE('',#4040,0.15);
#3175=VERTEX_POINT('',#4041);
#3176=LINE('',#4042,#4043);
#3177=LINE('',#4044,#4045);
#3178=VERTEX_POINT('',#4046);
#3179=LINE('',#4047,#4048);
#3180=VERTEX_POINT('',#4049);
#3181=LINE('',#4050,#4051);
#3182=VERTEX_POINT('',#4052);
#3183=LINE('',#4053,#4054);
#3184=VERTEX_POINT('',#4055);
#3185=LINE('',#4056,#4057);
#3186=VERTEX_POINT('',#4058);
#3187=LINE('',#4059,#4060);
#3188=VERTEX_POINT('',#4061);
#3189=LINE('',#4062,#4063);
#3190=VERTEX_POINT('',#4064);
#3191=LINE('',#4065,#4066);
#3192=VERTEX_POINT('',#4067);
#3193=LINE('',#4068,#4069);
#3194=LINE('',#4070,#4071);
#3195=VERTEX_POINT('',#4072);
#3196=VERTEX_POINT('',#4073);
#3197=LINE('',#4074,#4075);
#3198=VERTEX_POINT('',#4076);
#3199=LINE('',#4077,#4078);
#3200=VERTEX_POINT('',#4079);
#3201=LINE('',#4080,#4081);
#3202=VERTEX_POINT('',#4082);
#3203=LINE('',#4083,#4084);
#3204=VERTEX_POINT('',#4085);
#3205=LINE('',#4086,#4087);
#3206=LINE('',#4088,#4089);
#3207=VERTEX_POINT('',#4090);
#3208=VERTEX_POINT('',#4091);
#3209=LINE('',#4092,#4093);
#3210=VERTEX_POINT('',#4094);
#3211=LINE('',#4095,#4096);
#3212=VERTEX_POINT('',#4097);
#3213=LINE('',#4098,#4099);
#3214=VERTEX_POINT('',#4100);
#3215=LINE('',#4101,#4102);
#3216=VERTEX_POINT('',#4103);
#3217=LINE('',#4104,#4105);
#3218=VERTEX_POINT('',#4106);
#3219=LINE('',#4107,#4108);
#3220=VERTEX_POINT('',#4109);
#3221=LINE('',#4110,#4111);
#3222=LINE('',#4112,#4113);
#3223=VERTEX_POINT('',#4114);
#3224=LINE('',#4115,#4116);
#3225=VERTEX_POINT('',#4117);
#3226=LINE('',#4118,#4119);
#3227=VERTEX_POINT('',#4120);
#3228=LINE('',#4121,#4122);
#3229=VERTEX_POINT('',#4123);
#3230=LINE('',#4124,#4125);
#3231=VERTEX_POINT('',#4126);
#3232=LINE('',#4127,#4128);
#3233=VERTEX_POINT('',#4129);
#3234=LINE('',#4130,#4131);
#3235=LINE('',#4132,#4133);
#3236=VERTEX_POINT('',#4134);
#3237=VERTEX_POINT('',#4135);
#3238=LINE('',#4136,#4137);
#3239=VERTEX_POINT('',#4138);
#3240=LINE('',#4139,#4140);
#3241=VERTEX_POINT('',#4141);
#3242=LINE('',#4142,#4143);
#3243=VERTEX_POINT('',#4144);
#3244=LINE('',#4145,#4146);
#3245=VERTEX_POINT('',#4147);
#3246=LINE('',#4148,#4149);
#3247=VERTEX_POINT('',#4150);
#3248=LINE('',#4151,#4152);
#3249=VERTEX_POINT('',#4153);
#3250=LINE('',#4154,#4155);
#3251=LINE('',#4156,#4157);
#3252=VERTEX_POINT('',#4158);
#3253=VERTEX_POINT('',#4159);
#3254=LINE('',#4160,#4161);
#3255=VERTEX_POINT('',#4162);
#3256=LINE('',#4163,#4164);
#3257=VERTEX_POINT('',#4165);
#3258=LINE('',#4166,#4167);
#3259=LINE('',#4168,#4169);
#3260=LINE('',#4170,#4171);
#3261=VERTEX_POINT('',#4172);
#3262=LINE('',#4173,#4174);
#3263=LINE('',#4175,#4176);
#3264=VERTEX_POINT('',#4177);
#3265=LINE('',#4178,#4179);
#3266=VERTEX_POINT('',#4180);
#3267=LINE('',#4181,#4182);
#3268=LINE('',#4183,#4184);
#3269=VERTEX_POINT('',#4185);
#3270=LINE('',#4186,#4187);
#3271=VERTEX_POINT('',#4188);
#3272=LINE('',#4189,#4190);
#3273=LINE('',#4191,#4192);
#3274=VERTEX_POINT('',#4193);
#3275=LINE('',#4194,#4195);
#3276=VERTEX_POINT('',#4196);
#3277=LINE('',#4197,#4198);
#3278=LINE('',#4199,#4200);
#3279=VERTEX_POINT('',#4201);
#3280=LINE('',#4202,#4203);
#3281=VERTEX_POINT('',#4204);
#3282=LINE('',#4205,#4206);
#3283=LINE('',#4207,#4208);
#3284=VERTEX_POINT('',#4209);
#3285=VERTEX_POINT('',#4210);
#3286=LINE('',#4211,#4212);
#3287=VERTEX_POINT('',#4213);
#3288=LINE('',#4214,#4215);
#3289=VERTEX_POINT('',#4216);
#3290=LINE('',#4217,#4218);
#3291=LINE('',#4219,#4220);
#3292=VERTEX_POINT('',#4221);
#3293=VERTEX_POINT('',#4222);
#3294=LINE('',#4223,#4224);
#3295=VERTEX_POINT('',#4225);
#3296=LINE('',#4226,#4227);
#3297=VERTEX_POINT('',#4228);
#3298=LINE('',#4229,#4230);
#3299=LINE('',#4231,#4232);
#3300=VERTEX_POINT('',#4233);
#3301=VERTEX_POINT('',#4234);
#3302=LINE('',#4235,#4236);
#3303=VERTEX_POINT('',#4237);
#3304=LINE('',#4238,#4239);
#3305=VERTEX_POINT('',#4240);
#3306=LINE('',#4241,#4242);
#3307=LINE('',#4243,#4244);
#3308=VERTEX_POINT('',#4245);
#3309=VERTEX_POINT('',#4246);
#3310=LINE('',#4247,#4248);
#3311=VERTEX_POINT('',#4249);
#3312=LINE('',#4250,#4251);
#3313=VERTEX_POINT('',#4252);
#3314=LINE('',#4253,#4254);
#3315=LINE('',#4255,#4256);
#3316=VERTEX_POINT('',#4257);
#3317=LINE('',#4258,#4259);
#3318=VERTEX_POINT('',#4260);
#3319=LINE('',#4261,#4262);
#3320=CIRCLE('',#4263,0.3);
#3321=VERTEX_POINT('',#4264);
#3322=LINE('',#4265,#4266);
#3323=CIRCLE('',#4267,0.45);
#3324=LINE('',#4268,#4269);
#3325=VERTEX_POINT('',#4270);
#3326=CIRCLE('',#4271,0.25);
#3327=LINE('',#4272,#4273);
#3328=LINE('',#4274,#4275);
#3329=LINE('',#4276,#4277);
#3330=VERTEX_POINT('',#4278);
#3331=LINE('',#4279,#4280);
#3332=CIRCLE('',#4281,0.25);
#3333=LINE('',#4282,#4283);
#3334=VERTEX_POINT('',#4284);
#3335=CIRCLE('',#4285,0.45);
#3336=LINE('',#4286,#4287);
#3337=VERTEX_POINT('',#4288);
#3338=CIRCLE('',#4289,0.3);
#3339=VERTEX_POINT('',#4290);
#3340=LINE('',#4291,#4292);
#3341=LINE('',#4293,#4294);
#3342=LINE('',#4295,#4296);
#3343=VERTEX_POINT('',#4297);
#3344=LINE('',#4298,#4299);
#3345=VERTEX_POINT('',#4300);
#3346=LINE('',#4301,#4302);
#3347=LINE('',#4303,#4304);
#3348=VERTEX_POINT('',#4305);
#3349=LINE('',#4306,#4307);
#3350=VERTEX_POINT('',#4308);
#3351=LINE('',#4309,#4310);
#3352=VERTEX_POINT('',#4311);
#3353=CIRCLE('',#4312,0.15);
#3354=LINE('',#4313,#4314);
#3355=VERTEX_POINT('',#4315);
#3356=LINE('',#4316,#4317);
#3357=VERTEX_POINT('',#4318);
#3358=LINE('',#4319,#4320);
#3359=VERTEX_POINT('',#4321);
#3360=LINE('',#4322,#4323);
#3361=VERTEX_POINT('',#4324);
#3362=LINE('',#4325,#4326);
#3363=VERTEX_POINT('',#4327);
#3364=LINE('',#4328,#4329);
#3365=VERTEX_POINT('',#4330);
#3366=LINE('',#4331,#4332);
#3367=VERTEX_POINT('',#4333);
#3368=LINE('',#4334,#4335);
#3369=VERTEX_POINT('',#4336);
#3370=LINE('',#4337,#4338);
#3371=LINE('',#4339,#4340);
#3372=VERTEX_POINT('',#4341);
#3373=LINE('',#4342,#4343);
#3374=LINE('',#4344,#4345);
#3375=LINE('',#4346,#4347);
#3376=VERTEX_POINT('',#4348);
#3377=CIRCLE('',#4349,0.15);
#3378=VERTEX_POINT('',#4350);
#3379=LINE('',#4351,#4352);
#3380=LINE('',#4353,#4354);
#3381=VERTEX_POINT('',#4355);
#3382=LINE('',#4356,#4357);
#3383=VERTEX_POINT('',#4358);
#3384=LINE('',#4359,#4360);
#3385=VERTEX_POINT('',#4361);
#3386=LINE('',#4362,#4363);
#3387=VERTEX_POINT('',#4364);
#3388=LINE('',#4365,#4366);
#3389=VERTEX_POINT('',#4367);
#3390=LINE('',#4368,#4369);
#3391=VERTEX_POINT('',#4370);
#3392=LINE('',#4371,#4372);
#3393=VERTEX_POINT('',#4373);
#3394=LINE('',#4374,#4375);
#3395=VERTEX_POINT('',#4376);
#3396=LINE('',#4377,#4378);
#3397=LINE('',#4379,#4380);
#3398=LINE('',#4381,#4382);
#3399=LINE('',#4383,#4384);
#3400=LINE('',#4385,#4386);
#3401=LINE('',#4387,#4388);
#3402=LINE('',#4389,#4390);
#3403=LINE('',#4391,#4392);
#3404=LINE('',#4393,#4394);
#3405=LINE('',#4395,#4396);
#3406=LINE('',#4397,#4398);
#3407=LINE('',#4399,#4400);
#3408=LINE('',#4401,#4402);
#3409=VERTEX_POINT('',#4403);
#3410=LINE('',#4404,#4405);
#3411=VERTEX_POINT('',#4406);
#3412=LINE('',#4407,#4408);
#3413=VERTEX_POINT('',#4409);
#3414=LINE('',#4410,#4411);
#3415=VERTEX_POINT('',#4412);
#3416=LINE('',#4413,#4414);
#3417=VERTEX_POINT('',#4415);
#3418=LINE('',#4416,#4417);
#3419=VERTEX_POINT('',#4418);
#3420=LINE('',#4419,#4420);
#3421=LINE('',#4421,#4422);
#3422=VERTEX_POINT('',#4423);
#3423=VERTEX_POINT('',#4424);
#3424=LINE('',#4425,#4426);
#3425=VERTEX_POINT('',#4427);
#3426=LINE('',#4428,#4429);
#3427=VERTEX_POINT('',#4430);
#3428=LINE('',#4431,#4432);
#3429=VERTEX_POINT('',#4433);
#3430=LINE('',#4434,#4435);
#3431=VERTEX_POINT('',#4436);
#3432=LINE('',#4437,#4438);
#3433=VERTEX_POINT('',#4439);
#3434=LINE('',#4440,#4441);
#3435=LINE('',#4442,#4443);
#3436=VERTEX_POINT('',#4444);
#3437=LINE('',#4445,#4446);
#3438=VERTEX_POINT('',#4447);
#3439=LINE('',#4448,#4449);
#3440=VERTEX_POINT('',#4450);
#3441=LINE('',#4451,#4452);
#3442=VERTEX_POINT('',#4453);
#3443=LINE('',#4454,#4455);
#3444=VERTEX_POINT('',#4456);
#3445=LINE('',#4457,#4458);
#3446=VERTEX_POINT('',#4459);
#3447=LINE('',#4460,#4461);
#3448=VERTEX_POINT('',#4462);
#3449=LINE('',#4463,#4464);
#3450=VERTEX_POINT('',#4465);
#3451=LINE('',#4466,#4467);
#3452=VERTEX_POINT('',#4468);
#3453=LINE('',#4469,#4470);
#3454=LINE('',#4471,#4472);
#3455=VERTEX_POINT('',#4473);
#3456=VERTEX_POINT('',#4474);
#3457=LINE('',#4475,#4476);
#3458=VERTEX_POINT('',#4477);
#3459=LINE('',#4478,#4479);
#3460=LINE('',#4480,#4481);
#3461=LINE('',#4482,#4483);
#3462=VERTEX_POINT('',#4484);
#3463=LINE('',#4485,#4486);
#3464=LINE('',#4487,#4488);
#3465=VERTEX_POINT('',#4489);
#3466=VERTEX_POINT('',#4490);
#3467=LINE('',#4491,#4492);
#3468=VERTEX_POINT('',#4493);
#3469=LINE('',#4494,#4495);
#3470=VERTEX_POINT('',#4496);
#3471=LINE('',#4497,#4498);
#3472=VERTEX_POINT('',#4499);
#3473=LINE('',#4500,#4501);
#3474=LINE('',#4502,#4503);
#3475=LINE('',#4504,#4505);
#3476=VERTEX_POINT('',#4506);
#3477=LINE('',#4507,#4508);
#3478=LINE('',#4509,#4510);
#3479=VERTEX_POINT('',#4511);
#3480=VERTEX_POINT('',#4512);
#3481=LINE('',#4513,#4514);
#3482=VERTEX_POINT('',#4515);
#3483=LINE('',#4516,#4517);
#3484=VERTEX_POINT('',#4518);
#3485=LINE('',#4519,#4520);
#3486=LINE('',#4521,#4522);
#3487=VERTEX_POINT('',#4523);
#3488=VERTEX_POINT('',#4524);
#3489=LINE('',#4525,#4526);
#3490=VERTEX_POINT('',#4527);
#3491=LINE('',#4528,#4529);
#3492=VERTEX_POINT('',#4530);
#3493=LINE('',#4531,#4532);
#3494=LINE('',#4533,#4534);
#3495=VERTEX_POINT('',#4535);
#3496=LINE('',#4536,#4537);
#3497=VERTEX_POINT('',#4538);
#3498=LINE('',#4539,#4540);
#3499=VERTEX_POINT('',#4541);
#3500=LINE('',#4542,#4543);
#3501=VERTEX_POINT('',#4544);
#3502=CIRCLE('',#4545,0.15);
#3503=LINE('',#4546,#4547);
#3504=VERTEX_POINT('',#4548);
#3505=LINE('',#4549,#4550);
#3506=VERTEX_POINT('',#4551);
#3507=CIRCLE('',#4552,0.3);
#3508=VERTEX_POINT('',#4553);
#3509=LINE('',#4554,#4555);
#3510=VERTEX_POINT('',#4556);
#3511=LINE('',#4557,#4558);
#3512=VERTEX_POINT('',#4559);
#3513=LINE('',#4560,#4561);
#3514=VERTEX_POINT('',#4562);
#3515=LINE('',#4563,#4564);
#3516=VERTEX_POINT('',#4565);
#3517=LINE('',#4566,#4567);
#3518=VERTEX_POINT('',#4568);
#3519=LINE('',#4569,#4570);
#3520=VERTEX_POINT('',#4571);
#3521=LINE('',#4572,#4573);
#3522=VERTEX_POINT('',#4574);
#3523=LINE('',#4575,#4576);
#3524=VERTEX_POINT('',#4577);
#3525=LINE('',#4578,#4579);
#3526=VERTEX_POINT('',#4580);
#3527=CIRCLE('',#4581,0.1);
#3528=LINE('',#4582,#4583);
#3529=VERTEX_POINT('',#4584);
#3530=LINE('',#4585,#4586);
#3531=LINE('',#4587,#4588);
#3532=VERTEX_POINT('',#4589);
#3533=LINE('',#4590,#4591);
#3534=VERTEX_POINT('',#4592);
#3535=LINE('',#4593,#4594);
#3536=LINE('',#4595,#4596);
#3537=LINE('',#4597,#4598);
#3538=CIRCLE('',#4599,0.3);
#3539=CIRCLE('',#4600,0.45);
#3540=LINE('',#4601,#4602);
#3541=LINE('',#4603,#4604);
#3542=VERTEX_POINT('',#4605);
#3543=CIRCLE('',#4606,0.25);
#3544=LINE('',#4607,#4608);
#3545=LINE('',#4609,#4610);
#3546=VERTEX_POINT('',#4611);
#3547=LINE('',#4612,#4613);
#3548=CIRCLE('',#4614,0.25);
#3549=LINE('',#4615,#4616);
#3550=CIRCLE('',#4617,0.45);
#3551=CIRCLE('',#4618,0.3);
#3552=LINE('',#4619,#4620);
#3553=LINE('',#4621,#4622);
#3554=VERTEX_POINT('',#4623);
#3555=LINE('',#4624,#4625);
#3556=LINE('',#4626,#4627);
#3557=VERTEX_POINT('',#4628);
#3558=LINE('',#4629,#4630);
#3559=LINE('',#4631,#4632);
#3560=VERTEX_POINT('',#4633);
#3561=LINE('',#4634,#4635);
#3562=LINE('',#4636,#4637);
#3563=CIRCLE('',#4638,0.15);
#3564=VERTEX_POINT('',#4639);
#3565=LINE('',#4640,#4641);
#3566=VERTEX_POINT('',#4642);
#3567=CIRCLE('',#4643,0.1);
#3568=VERTEX_POINT('',#4644);
#3569=LINE('',#4645,#4646);
#3570=VERTEX_POINT('',#4647);
#3571=LINE('',#4648,#4649);
#3572=VERTEX_POINT('',#4650);
#3573=LINE('',#4651,#4652);
#3574=VERTEX_POINT('',#4653);
#3575=LINE('',#4654,#4655);
#3576=VERTEX_POINT('',#4656);
#3577=LINE('',#4657,#4658);
#3578=VERTEX_POINT('',#4659);
#3579=LINE('',#4660,#4661);
#3580=VERTEX_POINT('',#4662);
#3581=LINE('',#4663,#4664);
#3582=VERTEX_POINT('',#4665);
#3583=LINE('',#4666,#4667);
#3584=VERTEX_POINT('',#4668);
#3585=LINE('',#4669,#4670);
#3586=VERTEX_POINT('',#4671);
#3587=CIRCLE('',#4672,0.3);
#3588=LINE('',#4673,#4674);
#3589=LINE('',#4675,#4676);
#3590=LINE('',#4677,#4678);
#3591=LINE('',#4679,#4680);
#3592=LINE('',#4681,#4682);
#3593=LINE('',#4683,#4684);
#3594=LINE('',#4685,#4686);
#3595=LINE('',#4687,#4688);
#3596=LINE('',#4689,#4690);
#3597=LINE('',#4691,#4692);
#3598=LINE('',#4693,#4694);
#3599=LINE('',#4695,#4696);
#3600=LINE('',#4697,#4698);
#3601=B_SPLINE_CURVE_WITH_KNOTS('',3,(#4699,#4700,#4701,#4702,#4703,#4704,#4705,#4706,#4707),.UNSPECIFIED.,.F.,.F.,(4,1,1,1,1,1,4),(0.0,0.1666666666667,0.3333333333333,0.5,0.6666666666667,0.8333333333333,1.0),.UNSPECIFIED.);
#3602=CIRCLE('',#4708,0.3);
#3603=CIRCLE('',#4709,0.3);
#3604=CIRCLE('',#4710,0.3);
#3605=CIRCLE('',#4711,0.3);
#3606=VERTEX_POINT('',#4712);
#3607=CIRCLE('',#4713,0.3);
#3608=B_SPLINE_CURVE_WITH_KNOTS('',3,(#4714,#4715,#4716,#4717,#4718,#4719,#4720,#4721,#4722),.UNSPECIFIED.,.F.,.F.,(4,1,1,1,1,1,4),(0.0,0.1666666666667,0.3333333333333,0.5,0.6666666666667,0.8333333333333,1.0),.UNSPECIFIED.);
#3609=B_SPLINE_CURVE_WITH_KNOTS('',3,(#4723,#4724,#4725,#4726,#4727,#4728,#4729,#4730,#4731,#4732,#4733),.UNSPECIFIED.,.F.,.F.,(4,1,1,1,1,1,1,1,4),(0.0,0.125,0.25,0.375,0.5,0.625,0.75,0.875,1.0),.UNSPECIFIED.);
#3610=VERTEX_POINT('',#4734);
#3611=B_SPLINE_CURVE_WITH_KNOTS('',3,(#4735,#4736,#4737,#4738,#4739,#4740,#4741,#4742,#4743,#4744,#4745),.UNSPECIFIED.,.F.,.F.,(4,1,1,1,1,1,1,1,4),(0.0,0.125,0.25,0.375,0.5,0.625,0.75,0.875,1.0),.UNSPECIFIED.);
#3612=LINE('',#4746,#4747);
#3613=LINE('',#4748,#4749);
#3614=VERTEX_POINT('',#4750);
#3615=LINE('',#4751,#4752);
#3616=LINE('',#4753,#4754);
#3617=VERTEX_POINT('',#4755);
#3618=LINE('',#4756,#4757);
#3619=VERTEX_POINT('',#4758);
#3620=LINE('',#4759,#4760);
#3621=LINE('',#4761,#4762);
#3622=VERTEX_POINT('',#4763);
#3623=LINE('',#4764,#4765);
#3624=LINE('',#4766,#4767);
#3625=LINE('',#4768,#4769);
#3626=VERTEX_POINT('',#4770);
#3627=LINE('',#4771,#4772);
#3628=LINE('',#4773,#4774);
#3629=VERTEX_POINT('',#4775);
#3630=LINE('',#4776,#4777);
#3631=LINE('',#4778,#4779);
#3632=LINE('',#4780,#4781);
#3633=VERTEX_POINT('',#4782);
#3634=LINE('',#4783,#4784);
#3635=LINE('',#4785,#4786);
#3636=VERTEX_POINT('',#4787);
#3637=VERTEX_POINT('',#4788);
#3638=LINE('',#4789,#4790);
#3639=LINE('',#4791,#4792);
#3640=VERTEX_POINT('',#4793);
#3641=LINE('',#4794,#4795);
#3642=VERTEX_POINT('',#4796);
#3643=LINE('',#4797,#4798);
#3644=LINE('',#4799,#4800);
#3645=LINE('',#4801,#4802);
#3646=VERTEX_POINT('',#4803);
#3647=LINE('',#4804,#4805);
#3648=LINE('',#4806,#4807);
#3649=VERTEX_POINT('',#4808);
#3650=LINE('',#4809,#4810);
#3651=LINE('',#4811,#4812);
#3652=LINE('',#4813,#4814);
#3653=LINE('',#4815,#4816);
#3654=LINE('',#4817,#4818);
#3655=LINE('',#4819,#4820);
#3656=LINE('',#4821,#4822);
#3657=LINE('',#4823,#4824);
#3658=LINE('',#4825,#4826);
#3659=LINE('',#4827,#4828);
#3660=LINE('',#4829,#4830);
#3661=VERTEX_POINT('',#4831);
#3662=LINE('',#4832,#4833);
#3663=CIRCLE('',#4834,0.45);
#3664=LINE('',#4835,#4836);
#3665=LINE('',#4837,#4838);
#3666=VERTEX_POINT('',#4839);
#3667=CIRCLE('',#4840,0.25);
#3668=LINE('',#4841,#4842);
#3669=LINE('',#4843,#4844);
#3670=VERTEX_POINT('',#4845);
#3671=LINE('',#4846,#4847);
#3672=CIRCLE('',#4848,0.25);
#3673=LINE('',#4849,#4850);
#3674=VERTEX_POINT('',#4851);
#3675=CIRCLE('',#4852,0.45);
#3676=LINE('',#4853,#4854);
#3677=LINE('',#4855,#4856);
#3678=LINE('',#4857,#4858);
#3679=VERTEX_POINT('',#4859);
#3680=LINE('',#4860,#4861);
#3681=VERTEX_POINT('',#4862);
#3682=LINE('',#4863,#4864);
#3683=LINE('',#4865,#4866);
#3684=VERTEX_POINT('',#4867);
#3685=LINE('',#4868,#4869);
#3686=VERTEX_POINT('',#4870);
#3687=LINE('',#4871,#4872);
#3688=VERTEX_POINT('',#4873);
#3689=CIRCLE('',#4874,0.15);
#3690=LINE('',#4875,#4876);
#3691=VERTEX_POINT('',#4877);
#3692=LINE('',#4878,#4879);
#3693=VERTEX_POINT('',#4880);
#3694=CIRCLE('',#4881,0.3);
#3695=VERTEX_POINT('',#4882);
#3696=LINE('',#4883,#4884);
#3697=VERTEX_POINT('',#4885);
#3698=LINE('',#4886,#4887);
#3699=VERTEX_POINT('',#4888);
#3700=LINE('',#4889,#4890);
#3701=VERTEX_POINT('',#4891);
#3702=LINE('',#4892,#4893);
#3703=VERTEX_POINT('',#4894);
#3704=LINE('',#4895,#4896);
#3705=VERTEX_POINT('',#4897);
#3706=LINE('',#4898,#4899);
#3707=VERTEX_POINT('',#4900);
#3708=LINE('',#4901,#4902);
#3709=VERTEX_POINT('',#4903);
#3710=LINE('',#4904,#4905);
#3711=VERTEX_POINT('',#4906);
#3712=LINE('',#4907,#4908);
#3713=VERTEX_POINT('',#4909);
#3714=CIRCLE('',#4910,0.1);
#3715=LINE('',#4911,#4912);
#3716=VERTEX_POINT('',#4913);
#3717=LINE('',#4914,#4915);
#3718=LINE('',#4916,#4917);
#3719=LINE('',#4918,#4919);
#3720=VERTEX_POINT('',#4920);
#3721=CIRCLE('',#4921,0.15);
#3722=VERTEX_POINT('',#4922);
#3723=LINE('',#4923,#4924);
#3724=LINE('',#4925,#4926);
#3725=VERTEX_POINT('',#4927);
#3726=LINE('',#4928,#4929);
#3727=VERTEX_POINT('',#4930);
#3728=CIRCLE('',#4931,0.1);
#3729=VERTEX_POINT('',#4932);
#3730=LINE('',#4933,#4934);
#3731=VERTEX_POINT('',#4935);
#3732=LINE('',#4936,#4937);
#3733=VERTEX_POINT('',#4938);
#3734=LINE('',#4939,#4940);
#3735=VERTEX_POINT('',#4941);
#3736=LINE('',#4942,#4943);
#3737=VERTEX_POINT('',#4944);
#3738=LINE('',#4945,#4946);
#3739=VERTEX_POINT('',#4947);
#3740=LINE('',#4948,#4949);
#3741=VERTEX_POINT('',#4950);
#3742=LINE('',#4951,#4952);
#3743=VERTEX_POINT('',#4953);
#3744=LINE('',#4954,#4955);
#3745=VERTEX_POINT('',#4956);
#3746=LINE('',#4957,#4958);
#3747=VERTEX_POINT('',#4959);
#3748=CIRCLE('',#4960,0.3);
#3749=LINE('',#4961,#4962);
#3750=LINE('',#4963,#4964);
#3751=LINE('',#4965,#4966);
#3752=LINE('',#4967,#4968);
#3753=LINE('',#4969,#4970);
#3754=LINE('',#4971,#4972);
#3755=LINE('',#4973,#4974);
#3756=LINE('',#4975,#4976);
#3757=LINE('',#4977,#4978);
#3758=LINE('',#4979,#4980);
#3759=LINE('',#4981,#4982);
#3760=LINE('',#4983,#4984);
#3761=LINE('',#4985,#4986);
#3762=LINE('',#4987,#4988);
#3763=LINE('',#4989,#4990);
#3764=LINE('',#4991,#4992);
#3765=VERTEX_POINT('',#4993);
#3766=LINE('',#4994,#4995);
#3767=CIRCLE('',#4996,0.45);
#3768=LINE('',#4997,#4998);
#3769=LINE('',#4999,#5000);
#3770=VERTEX_POINT('',#5001);
#3771=CIRCLE('',#5002,0.25);
#3772=LINE('',#5003,#5004);
#3773=LINE('',#5005,#5006);
#3774=VERTEX_POINT('',#5007);
#3775=LINE('',#5008,#5009);
#3776=CIRCLE('',#5010,0.25);
#3777=LINE('',#5011,#5012);
#3778=VERTEX_POINT('',#5013);
#3779=CIRCLE('',#5014,0.45);
#3780=LINE('',#5015,#5016);
#3781=LINE('',#5017,#5018);
#3782=LINE('',#5019,#5020);
#3783=VERTEX_POINT('',#5021);
#3784=LINE('',#5022,#5023);
#3785=LINE('',#5024,#5025);
#3786=VERTEX_POINT('',#5026);
#3787=LINE('',#5027,#5028);
#3788=LINE('',#5029,#5030);
#3789=VERTEX_POINT('',#5031);
#3790=LINE('',#5032,#5033);
#3791=LINE('',#5034,#5035);
#3792=VERTEX_POINT('',#5036);
#3793=CIRCLE('',#5037,0.15);
#3794=LINE('',#5038,#5039);
#3795=LINE('',#5040,#5041);
#3796=LINE('',#5042,#5043);
#3797=VERTEX_POINT('',#5044);
#3798=LINE('',#5045,#5046);
#3799=VERTEX_POINT('',#5047);
#3800=LINE('',#5048,#5049);
#3801=VERTEX_POINT('',#5050);
#3802=LINE('',#5051,#5052);
#3803=VERTEX_POINT('',#5053);
#3804=LINE('',#5054,#5055);
#3805=VERTEX_POINT('',#5056);
#3806=LINE('',#5057,#5058);
#3807=VERTEX_POINT('',#5059);
#3808=LINE('',#5060,#5061);
#3809=VERTEX_POINT('',#5062);
#3810=LINE('',#5063,#5064);
#3811=VERTEX_POINT('',#5065);
#3812=LINE('',#5066,#5067);
#3813=LINE('',#5068,#5069);
#3814=LINE('',#5070,#5071);
#3815=LINE('',#5072,#5073);
#3816=LINE('',#5074,#5075);
#3817=LINE('',#5076,#5077);
#3818=LINE('',#5078,#5079);
#3819=LINE('',#5080,#5081);
#3820=LINE('',#5082,#5083);
#3821=LINE('',#5084,#5085);
#3822=CARTESIAN_POINT('',(5.225,2.45,6.6));
#3823=CARTESIAN_POINT('',(4.775,2.45,6.6));
#3824=CARTESIAN_POINT('',(4.775,2.45,6.6));
#3825=VECTOR('',#5086,1.0);
#3826=CARTESIAN_POINT('',(5.225,2.9,6.15));
#3827=AXIS2_PLACEMENT_3D('',#5087,#5088,#5089);
#3828=CARTESIAN_POINT('',(4.775,2.9,6.15));
#3829=CARTESIAN_POINT('',(4.775,2.9,6.15));
#3830=VECTOR('',#5090,0.45);
#3831=AXIS2_PLACEMENT_3D('',#5091,#5092,#5093);
#3832=CARTESIAN_POINT('',(4.225,2.45,6.6));
#3833=CARTESIAN_POINT('',(3.775,2.45,6.6));
#3834=CARTESIAN_POINT('',(3.775,2.45,6.6));
#3835=VECTOR('',#5094,1.0);
#3836=CARTESIAN_POINT('',(4.225,2.9,6.15));
#3837=AXIS2_PLACEMENT_3D('',#5095,#5096,#5097);
#3838=CARTESIAN_POINT('',(3.775,2.9,6.15));
#3839=CARTESIAN_POINT('',(3.775,2.9,6.15));
#3840=VECTOR('',#5098,0.45);
#3841=AXIS2_PLACEMENT_3D('',#5099,#5100,#5101);
#3842=CARTESIAN_POINT('',(3.775,2.45,6.4));
#3843=CARTESIAN_POINT('',(4.225,2.45,6.4));
#3844=CARTESIAN_POINT('',(3.775,2.45,6.4));
#3845=VECTOR('',#5102,1.0);
#3846=CARTESIAN_POINT('',(3.775,2.7,6.15));
#3847=AXIS2_PLACEMENT_3D('',#5103,#5104,#5105);
#3848=CARTESIAN_POINT('',(4.225,2.7,6.15));
#3849=CARTESIAN_POINT('',(3.775,2.7,6.15));
#3850=VECTOR('',#5106,0.45);
#3851=AXIS2_PLACEMENT_3D('',#5107,#5108,#5109);
#3852=CARTESIAN_POINT('',(3.225,2.45,6.6));
#3853=CARTESIAN_POINT('',(2.775,2.45,6.6));
#3854=CARTESIAN_POINT('',(2.775,2.45,6.6));
#3855=VECTOR('',#5110,1.0);
#3856=CARTESIAN_POINT('',(3.225,2.9,6.15));
#3857=AXIS2_PLACEMENT_3D('',#5111,#5112,#5113);
#3858=CARTESIAN_POINT('',(2.775,2.9,6.15));
#3859=CARTESIAN_POINT('',(2.775,2.9,6.15));
#3860=VECTOR('',#5114,0.45);
#3861=AXIS2_PLACEMENT_3D('',#5115,#5116,#5117);
#3862=CARTESIAN_POINT('',(2.775,2.45,6.4));
#3863=CARTESIAN_POINT('',(3.225,2.45,6.4));
#3864=CARTESIAN_POINT('',(2.775,2.45,6.4));
#3865=VECTOR('',#5118,1.0);
#3866=CARTESIAN_POINT('',(2.775,2.7,6.15));
#3867=AXIS2_PLACEMENT_3D('',#5119,#5120,#5121);
#3868=CARTESIAN_POINT('',(3.225,2.7,6.15));
#3869=CARTESIAN_POINT('',(2.775,2.7,6.15));
#3870=VECTOR('',#5122,0.45);
#3871=AXIS2_PLACEMENT_3D('',#5123,#5124,#5125);
#3872=CARTESIAN_POINT('',(4.775,2.45,6.4));
#3873=CARTESIAN_POINT('',(5.225,2.45,6.4));
#3874=CARTESIAN_POINT('',(4.775,2.45,6.4));
#3875=VECTOR('',#5126,1.0);
#3876=CARTESIAN_POINT('',(4.775,2.7,6.15));
#3877=AXIS2_PLACEMENT_3D('',#5127,#5128,#5129);
#3878=CARTESIAN_POINT('',(5.225,2.7,6.15));
#3879=CARTESIAN_POINT('',(4.775,2.7,6.15));
#3880=VECTOR('',#5130,0.45);
#3881=AXIS2_PLACEMENT_3D('',#5131,#5132,#5133);
#3882=CARTESIAN_POINT('',(2.225,2.45,6.6));
#3883=CARTESIAN_POINT('',(1.775,2.45,6.6));
#3884=CARTESIAN_POINT('',(1.775,2.45,6.6));
#3885=VECTOR('',#5134,1.0);
#3886=CARTESIAN_POINT('',(2.225,2.9,6.15));
#3887=AXIS2_PLACEMENT_3D('',#5135,#5136,#5137);
#3888=CARTESIAN_POINT('',(1.775,2.9,6.15));
#3889=CARTESIAN_POINT('',(1.775,2.9,6.15));
#3890=VECTOR('',#5138,0.45);
#3891=AXIS2_PLACEMENT_3D('',#5139,#5140,#5141);
#3892=CARTESIAN_POINT('',(1.775,2.45,6.4));
#3893=CARTESIAN_POINT('',(2.225,2.45,6.4));
#3894=CARTESIAN_POINT('',(1.775,2.45,6.4));
#3895=VECTOR('',#5142,1.0);
#3896=CARTESIAN_POINT('',(1.775,2.7,6.15));
#3897=AXIS2_PLACEMENT_3D('',#5143,#5144,#5145);
#3898=CARTESIAN_POINT('',(2.225,2.7,6.15));
#3899=CARTESIAN_POINT('',(1.775,2.7,6.15));
#3900=VECTOR('',#5146,0.45);
#3901=AXIS2_PLACEMENT_3D('',#5147,#5148,#5149);
#3902=CARTESIAN_POINT('',(0.0,0.0,0.0));
#3903=CARTESIAN_POINT('',(0.975,0.0,0.0));
#3904=CARTESIAN_POINT('',(0.0,0.0,0.0));
#3905=VECTOR('',#5150,0.975);
#3906=CARTESIAN_POINT('',(0.0,1.85,0.0));
#3907=CARTESIAN_POINT('',(0.0,1.85,0.0));
#3908=VECTOR('',#5151,1.85);
#3909=CARTESIAN_POINT('',(0.975,1.85,0.0));
#3910=CARTESIAN_POINT('',(0.0,1.85,0.0));
#3911=VECTOR('',#5152,0.975);
#3912=CARTESIAN_POINT('',(0.975,1.85,0.0));
#3913=VECTOR('',#5153,1.85);
#3914=CARTESIAN_POINT('',(6.025,1.85,0.0));
#3915=CARTESIAN_POINT('',(7.0,1.85,0.0));
#3916=CARTESIAN_POINT('',(6.025,1.85,0.0));
#3917=VECTOR('',#5154,0.975);
#3918=CARTESIAN_POINT('',(7.0,0.0,0.0));
#3919=CARTESIAN_POINT('',(7.0,0.0,0.0));
#3920=VECTOR('',#5155,1.85);
#3921=CARTESIAN_POINT('',(6.025,0.0,0.0));
#3922=CARTESIAN_POINT('',(6.025,0.0,0.0));
#3923=VECTOR('',#5156,0.975);
#3924=CARTESIAN_POINT('',(6.025,0.0,0.0));
#3925=VECTOR('',#5157,1.85);
#3926=CARTESIAN_POINT('',(0.975,0.5,5.2));
#3927=CARTESIAN_POINT('',(0.975,0.5,6.7));
#3928=CARTESIAN_POINT('',(0.975,0.5,5.2));
#3929=VECTOR('',#5158,1.5);
#3930=CARTESIAN_POINT('',(0.975,0.0,6.7));
#3931=CARTESIAN_POINT('',(0.975,0.0,6.7));
#3932=VECTOR('',#5159,0.5);
#3933=CARTESIAN_POINT('',(0.975,0.0,5.2));
#3934=CARTESIAN_POINT('',(0.975,0.0,5.2));
#3935=VECTOR('',#5160,1.5);
#3936=CARTESIAN_POINT('',(0.975,0.0,5.2));
#3937=VECTOR('',#5161,0.5);
#3938=CARTESIAN_POINT('',(0.975,2.25,1.9));
#3939=CARTESIAN_POINT('',(0.975,0.5,1.9));
#3940=CARTESIAN_POINT('',(0.975,2.25,1.9));
#3941=VECTOR('',#5162,1.75);
#3942=CARTESIAN_POINT('',(0.975,0.5,4.2));
#3943=CARTESIAN_POINT('',(0.975,0.5,1.9));
#3944=VECTOR('',#5163,2.3);
#3945=CARTESIAN_POINT('',(0.975,0.0,4.2));
#3946=CARTESIAN_POINT('',(0.975,0.0,4.2));
#3947=VECTOR('',#5164,0.5);
#3948=CARTESIAN_POINT('',(0.975,0.0,0.0));
#3949=VECTOR('',#5165,4.2);
#3950=CARTESIAN_POINT('',(0.975,2.05,0.2));
#3951=CARTESIAN_POINT('',(0.975,2.05,0.2));
#3952=VECTOR('',#5166,0.2828427124746);
#3953=CARTESIAN_POINT('',(0.975,2.05,1.7));
#3954=CARTESIAN_POINT('',(0.975,2.05,1.7));
#3955=VECTOR('',#5167,1.5);
#3956=CARTESIAN_POINT('',(0.975,2.25,1.9));
#3957=VECTOR('',#5168,0.2828427124746);
#3958=CARTESIAN_POINT('',(0.975,2.05,6.4));
#3959=CARTESIAN_POINT('',(0.975,2.05,3.0));
#3960=CARTESIAN_POINT('',(0.975,2.05,6.4));
#3961=VECTOR('',#5169,3.4);
#3962=CARTESIAN_POINT('',(0.975,2.090192378865,6.55));
#3963=AXIS2_PLACEMENT_3D('',#5170,#5171,#5172);
#3964=CARTESIAN_POINT('',(0.975,1.05,6.55));
#3965=CARTESIAN_POINT('',(0.975,1.05,6.55));
#3966=VECTOR('',#5173,1.040192378865);
#3967=CARTESIAN_POINT('',(0.975,1.05,3.0));
#3968=CARTESIAN_POINT('',(0.975,1.05,6.55));
#3969=VECTOR('',#5174,3.55);
#3970=CARTESIAN_POINT('',(0.975,2.05,3.0));
#3971=VECTOR('',#5175,1.0);
#3972=CARTESIAN_POINT('',(2.0,0.0,5.2));
#3973=CARTESIAN_POINT('',(2.0,0.0,5.2));
#3974=VECTOR('',#5176,1.025);
#3975=CARTESIAN_POINT('',(2.0,0.5,5.2));
#3976=CARTESIAN_POINT('',(2.0,0.5,5.2));
#3977=VECTOR('',#5177,0.5);
#3978=CARTESIAN_POINT('',(0.975,0.5,5.2));
#3979=VECTOR('',#5178,1.025);
#3980=CARTESIAN_POINT('',(6.025,0.5,4.2));
#3981=CARTESIAN_POINT('',(5.0,0.5,4.2));
#3982=CARTESIAN_POINT('',(6.025,0.5,4.2));
#3983=VECTOR('',#5179,1.025);
#3984=CARTESIAN_POINT('',(5.0,0.5,5.2));
#3985=CARTESIAN_POINT('',(5.0,0.5,5.2));
#3986=VECTOR('',#5180,1.0);
#3987=CARTESIAN_POINT('',(6.025,0.5,5.2));
#3988=CARTESIAN_POINT('',(6.025,0.5,5.2));
#3989=VECTOR('',#5181,1.025);
#3990=CARTESIAN_POINT('',(6.025,0.5,6.7));
#3991=CARTESIAN_POINT('',(6.025,0.5,5.2));
#3992=VECTOR('',#5182,1.5);
#3993=CARTESIAN_POINT('',(0.975,0.5,6.7));
#3994=VECTOR('',#5183,5.05);
#3995=CARTESIAN_POINT('',(2.0,0.5,4.2));
#3996=CARTESIAN_POINT('',(2.0,0.5,4.2));
#3997=VECTOR('',#5184,1.0);
#3998=CARTESIAN_POINT('',(0.975,0.5,4.2));
#3999=VECTOR('',#5185,1.025);
#4000=CARTESIAN_POINT('',(6.025,0.5,1.9));
#4001=CARTESIAN_POINT('',(6.025,0.5,1.9));
#4002=VECTOR('',#5186,5.05);
#4003=CARTESIAN_POINT('',(6.025,0.5,4.2));
#4004=VECTOR('',#5187,2.3);
#4005=CARTESIAN_POINT('',(1.775,0.5,2.27));
#4006=CARTESIAN_POINT('',(2.225,0.5,2.27));
#4007=CARTESIAN_POINT('',(1.775,0.5,2.27));
#4008=VECTOR('',#5188,0.45);
#4009=CARTESIAN_POINT('',(2.225,0.5,2.07));
#4010=CARTESIAN_POINT('',(2.225,0.5,2.27));
#4011=VECTOR('',#5189,0.2);
#4012=CARTESIAN_POINT('',(1.775,0.5,2.07));
#4013=CARTESIAN_POINT('',(1.775,0.5,2.07));
#4014=VECTOR('',#5190,0.45);
#4015=CARTESIAN_POINT('',(1.775,0.5,2.27));
#4016=VECTOR('',#5191,0.2);
#4017=CARTESIAN_POINT('',(3.775,0.5,2.27));
#4018=CARTESIAN_POINT('',(4.225,0.5,2.27));
#4019=CARTESIAN_POINT('',(3.775,0.5,2.27));
#4020=VECTOR('',#5192,0.45);
#4021=CARTESIAN_POINT('',(4.225,0.5,2.07));
#4022=CARTESIAN_POINT('',(4.225,0.5,2.27));
#4023=VECTOR('',#5193,0.2);
#4024=CARTESIAN_POINT('',(3.775,0.5,2.07));
#4025=CARTESIAN_POINT('',(3.775,0.5,2.07));
#4026=VECTOR('',#5194,0.45);
#4027=CARTESIAN_POINT('',(3.775,0.5,2.27));
#4028=VECTOR('',#5195,0.2);
#4029=CARTESIAN_POINT('',(3.775,1.252645300474,4.47));
#4030=CARTESIAN_POINT('',(3.775,2.05,5.937469433386));
#4031=CARTESIAN_POINT('',(3.775,1.252645300474,4.47));
#4032=VECTOR('',#5196,1.670102109087);
#4033=CARTESIAN_POINT('',(3.775,1.182351661521,4.508194296992));
#4034=CARTESIAN_POINT('',(3.775,1.182351661521,4.508194296992));
#4035=VECTOR('',#5197,0.08);
#4036=CARTESIAN_POINT('',(3.775,1.158612559402,4.648938078196));
#4037=CARTESIAN_POINT('',(3.775,1.158612559402,4.648938078196));
#4038=VECTOR('',#5198,0.1427317656199);
#4039=CARTESIAN_POINT('',(3.775,1.174722769146,4.745500337619));
#4040=AXIS2_PLACEMENT_3D('',#5199,#5200,#5201);
#4041=CARTESIAN_POINT('',(3.775,2.05,6.356380141526));
#4042=CARTESIAN_POINT('',(3.775,2.05,6.356380141526));
#4043=VECTOR('',#5202,1.833315022981);
#4044=CARTESIAN_POINT('',(3.775,2.05,5.937469433386));
#4045=VECTOR('',#5203,0.4189107081404);
#4046=CARTESIAN_POINT('',(3.775,-0.4,2.07));
#4047=CARTESIAN_POINT('',(3.775,-0.4,2.07));
#4048=VECTOR('',#5204,0.9);
#4049=CARTESIAN_POINT('',(3.775,-1.3,1.62));
#4050=CARTESIAN_POINT('',(3.775,-1.3,1.62));
#4051=VECTOR('',#5205,1.006230589875);
#4052=CARTESIAN_POINT('',(3.775,-3.0,2.07));
#4053=CARTESIAN_POINT('',(3.775,-3.0,2.07));
#4054=VECTOR('',#5206,1.758550539507);
#4055=CARTESIAN_POINT('',(3.775,-3.2,2.07));
#4056=CARTESIAN_POINT('',(3.775,-3.2,2.07));
#4057=VECTOR('',#5207,0.2);
#4058=CARTESIAN_POINT('',(3.775,-3.2,2.27));
#4059=CARTESIAN_POINT('',(3.775,-3.2,2.27));
#4060=VECTOR('',#5208,0.2);
#4061=CARTESIAN_POINT('',(3.775,-3.0,2.27));
#4062=CARTESIAN_POINT('',(3.775,-3.0,2.27));
#4063=VECTOR('',#5209,0.2);
#4064=CARTESIAN_POINT('',(3.775,-1.3,1.82));
#4065=CARTESIAN_POINT('',(3.775,-1.3,1.82));
#4066=VECTOR('',#5210,1.758550539507);
#4067=CARTESIAN_POINT('',(3.775,-0.4,2.27));
#4068=CARTESIAN_POINT('',(3.775,-0.4,2.27));
#4069=VECTOR('',#5211,1.006230589875);
#4070=CARTESIAN_POINT('',(3.775,0.5,2.27));
#4071=VECTOR('',#5212,0.9);
#4072=CARTESIAN_POINT('',(6.025,2.05,6.4));
#4073=CARTESIAN_POINT('',(6.025,2.05,3.0));
#4074=CARTESIAN_POINT('',(6.025,2.05,6.4));
#4075=VECTOR('',#5213,3.4);
#4076=CARTESIAN_POINT('',(5.225,2.05,6.4));
#4077=CARTESIAN_POINT('',(5.225,2.05,6.4));
#4078=VECTOR('',#5214,0.8);
#4079=CARTESIAN_POINT('',(5.225,2.05,6.356380141526));
#4080=CARTESIAN_POINT('',(5.225,2.05,6.356380141526));
#4081=VECTOR('',#5215,0.04361985847351);
#4082=CARTESIAN_POINT('',(5.225,2.05,5.937469433386));
#4083=CARTESIAN_POINT('',(5.225,2.05,5.937469433386));
#4084=VECTOR('',#5216,0.4189107081404);
#4085=CARTESIAN_POINT('',(5.225,2.05,3.0));
#4086=CARTESIAN_POINT('',(5.225,2.05,3.0));
#4087=VECTOR('',#5217,2.937469433386);
#4088=CARTESIAN_POINT('',(6.025,2.05,3.0));
#4089=VECTOR('',#5218,0.8);
#4090=CARTESIAN_POINT('',(4.775,2.05,3.0));
#4091=CARTESIAN_POINT('',(4.775,2.05,5.937469433386));
#4092=CARTESIAN_POINT('',(4.775,2.05,3.0));
#4093=VECTOR('',#5219,2.937469433386);
#4094=CARTESIAN_POINT('',(4.775,2.05,6.356380141526));
#4095=CARTESIAN_POINT('',(4.775,2.05,5.937469433386));
#4096=VECTOR('',#5220,0.4189107081404);
#4097=CARTESIAN_POINT('',(4.775,2.05,6.4));
#4098=CARTESIAN_POINT('',(4.775,2.05,6.356380141526));
#4099=VECTOR('',#5221,0.04361985847352);
#4100=CARTESIAN_POINT('',(4.225,2.05,6.4));
#4101=CARTESIAN_POINT('',(4.225,2.05,6.4));
#4102=VECTOR('',#5222,0.55);
#4103=CARTESIAN_POINT('',(4.225,2.05,6.356380141526));
#4104=CARTESIAN_POINT('',(4.225,2.05,6.4));
#4105=VECTOR('',#5223,0.04361985847353);
#4106=CARTESIAN_POINT('',(4.225,2.05,5.937469433386));
#4107=CARTESIAN_POINT('',(4.225,2.05,5.937469433386));
#4108=VECTOR('',#5224,0.4189107081404);
#4109=CARTESIAN_POINT('',(4.225,2.05,3.0));
#4110=CARTESIAN_POINT('',(4.225,2.05,5.937469433386));
#4111=VECTOR('',#5225,2.937469433386);
#4112=CARTESIAN_POINT('',(4.775,2.05,3.0));
#4113=VECTOR('',#5226,0.55);
#4114=CARTESIAN_POINT('',(3.775,2.05,3.0));
#4115=CARTESIAN_POINT('',(3.775,2.05,3.0));
#4116=VECTOR('',#5227,2.937469433386);
#4117=CARTESIAN_POINT('',(3.775,2.05,6.4));
#4118=CARTESIAN_POINT('',(3.775,2.05,6.356380141526));
#4119=VECTOR('',#5228,0.04361985847353);
#4120=CARTESIAN_POINT('',(3.225,2.05,6.4));
#4121=CARTESIAN_POINT('',(3.225,2.05,6.4));
#4122=VECTOR('',#5229,0.55);
#4123=CARTESIAN_POINT('',(3.225,2.05,6.356380141526));
#4124=CARTESIAN_POINT('',(3.225,2.05,6.4));
#4125=VECTOR('',#5230,0.04361985847352);
#4126=CARTESIAN_POINT('',(3.225,2.05,5.937469433386));
#4127=CARTESIAN_POINT('',(3.225,2.05,5.937469433386));
#4128=VECTOR('',#5231,0.4189107081404);
#4129=CARTESIAN_POINT('',(3.225,2.05,3.0));
#4130=CARTESIAN_POINT('',(3.225,2.05,5.937469433386));
#4131=VECTOR('',#5232,2.937469433386);
#4132=CARTESIAN_POINT('',(3.775,2.05,3.0));
#4133=VECTOR('',#5233,0.55);
#4134=CARTESIAN_POINT('',(2.775,2.05,3.0));
#4135=CARTESIAN_POINT('',(2.775,2.05,5.937469433386));
#4136=CARTESIAN_POINT('',(2.775,2.05,3.0));
#4137=VECTOR('',#5234,2.937469433386);
#4138=CARTESIAN_POINT('',(2.775,2.05,6.356380141526));
#4139=CARTESIAN_POINT('',(2.775,2.05,5.937469433386));
#4140=VECTOR('',#5235,0.4189107081404);
#4141=CARTESIAN_POINT('',(2.775,2.05,6.4));
#4142=CARTESIAN_POINT('',(2.775,2.05,6.356380141526));
#4143=VECTOR('',#5236,0.04361985847351);
#4144=CARTESIAN_POINT('',(2.225,2.05,6.4));
#4145=CARTESIAN_POINT('',(2.225,2.05,6.4));
#4146=VECTOR('',#5237,0.55);
#4147=CARTESIAN_POINT('',(2.225,2.05,6.356380141526));
#4148=CARTESIAN_POINT('',(2.225,2.05,6.4));
#4149=VECTOR('',#5238,0.04361985847353);
#4150=CARTESIAN_POINT('',(2.225,2.05,5.937469433386));
#4151=CARTESIAN_POINT('',(2.225,2.05,5.937469433386));
#4152=VECTOR('',#5239,0.4189107081404);
#4153=CARTESIAN_POINT('',(2.225,2.05,3.0));
#4154=CARTESIAN_POINT('',(2.225,2.05,5.937469433386));
#4155=VECTOR('',#5240,2.937469433386);
#4156=CARTESIAN_POINT('',(2.775,2.05,3.0));
#4157=VECTOR('',#5241,0.55);
#4158=CARTESIAN_POINT('',(1.775,2.05,3.0));
#4159=CARTESIAN_POINT('',(1.775,2.05,5.937469433386));
#4160=CARTESIAN_POINT('',(1.775,2.05,3.0));
#4161=VECTOR('',#5242,2.937469433386);
#4162=CARTESIAN_POINT('',(1.775,2.05,6.356380141526));
#4163=CARTESIAN_POINT('',(1.775,2.05,5.937469433386));
#4164=VECTOR('',#5243,0.4189107081404);
#4165=CARTESIAN_POINT('',(1.775,2.05,6.4));
#4166=CARTESIAN_POINT('',(1.775,2.05,6.356380141526));
#4167=VECTOR('',#5244,0.04361985847353);
#4168=CARTESIAN_POINT('',(0.975,2.05,6.4));
#4169=VECTOR('',#5245,0.8);
#4170=CARTESIAN_POINT('',(1.775,2.05,3.0));
#4171=VECTOR('',#5246,0.8);
#4172=CARTESIAN_POINT('',(6.025,1.05,3.0));
#4173=CARTESIAN_POINT('',(0.975,1.05,3.0));
#4174=VECTOR('',#5247,5.05);
#4175=CARTESIAN_POINT('',(6.025,2.05,3.0));
#4176=VECTOR('',#5248,1.0);
#4177=CARTESIAN_POINT('',(5.225,2.7,3.0));
#4178=CARTESIAN_POINT('',(5.225,2.05,3.0));
#4179=VECTOR('',#5249,0.65);
#4180=CARTESIAN_POINT('',(4.775,2.7,3.0));
#4181=CARTESIAN_POINT('',(4.775,2.7,3.0));
#4182=VECTOR('',#5250,0.45);
#4183=CARTESIAN_POINT('',(4.775,2.7,3.0));
#4184=VECTOR('',#5251,0.65);
#4185=CARTESIAN_POINT('',(4.225,2.7,3.0));
#4186=CARTESIAN_POINT('',(4.225,2.05,3.0));
#4187=VECTOR('',#5252,0.65);
#4188=CARTESIAN_POINT('',(3.775,2.7,3.0));
#4189=CARTESIAN_POINT('',(3.775,2.7,3.0));
#4190=VECTOR('',#5253,0.45);
#4191=CARTESIAN_POINT('',(3.775,2.7,3.0));
#4192=VECTOR('',#5254,0.65);
#4193=CARTESIAN_POINT('',(3.225,2.7,3.0));
#4194=CARTESIAN_POINT('',(3.225,2.05,3.0));
#4195=VECTOR('',#5255,0.65);
#4196=CARTESIAN_POINT('',(2.775,2.7,3.0));
#4197=CARTESIAN_POINT('',(2.775,2.7,3.0));
#4198=VECTOR('',#5256,0.45);
#4199=CARTESIAN_POINT('',(2.775,2.7,3.0));
#4200=VECTOR('',#5257,0.65);
#4201=CARTESIAN_POINT('',(2.225,2.7,3.0));
#4202=CARTESIAN_POINT('',(2.225,2.05,3.0));
#4203=VECTOR('',#5258,0.65);
#4204=CARTESIAN_POINT('',(1.775,2.7,3.0));
#4205=CARTESIAN_POINT('',(1.775,2.7,3.0));
#4206=VECTOR('',#5259,0.45);
#4207=CARTESIAN_POINT('',(1.775,2.7,3.0));
#4208=VECTOR('',#5260,0.65);
#4209=CARTESIAN_POINT('',(1.775,2.9,3.0));
#4210=CARTESIAN_POINT('',(2.225,2.9,3.0));
#4211=CARTESIAN_POINT('',(1.775,2.9,3.0));
#4212=VECTOR('',#5261,0.45);
#4213=CARTESIAN_POINT('',(2.225,3.1,3.0));
#4214=CARTESIAN_POINT('',(2.225,2.9,3.0));
#4215=VECTOR('',#5262,0.2);
#4216=CARTESIAN_POINT('',(1.775,3.1,3.0));
#4217=CARTESIAN_POINT('',(2.225,3.1,3.0));
#4218=VECTOR('',#5263,0.45);
#4219=CARTESIAN_POINT('',(1.775,3.1,3.0));
#4220=VECTOR('',#5264,0.2);
#4221=CARTESIAN_POINT('',(2.775,2.9,3.0));
#4222=CARTESIAN_POINT('',(3.225,2.9,3.0));
#4223=CARTESIAN_POINT('',(2.775,2.9,3.0));
#4224=VECTOR('',#5265,0.45);
#4225=CARTESIAN_POINT('',(3.225,3.1,3.0));
#4226=CARTESIAN_POINT('',(3.225,2.9,3.0));
#4227=VECTOR('',#5266,0.2);
#4228=CARTESIAN_POINT('',(2.775,3.1,3.0));
#4229=CARTESIAN_POINT('',(3.225,3.1,3.0));
#4230=VECTOR('',#5267,0.45);
#4231=CARTESIAN_POINT('',(2.775,3.1,3.0));
#4232=VECTOR('',#5268,0.2);
#4233=CARTESIAN_POINT('',(3.775,2.9,3.0));
#4234=CARTESIAN_POINT('',(4.225,2.9,3.0));
#4235=CARTESIAN_POINT('',(3.775,2.9,3.0));
#4236=VECTOR('',#5269,0.45);
#4237=CARTESIAN_POINT('',(4.225,3.1,3.0));
#4238=CARTESIAN_POINT('',(4.225,2.9,3.0));
#4239=VECTOR('',#5270,0.2);
#4240=CARTESIAN_POINT('',(3.775,3.1,3.0));
#4241=CARTESIAN_POINT('',(4.225,3.1,3.0));
#4242=VECTOR('',#5271,0.45);
#4243=CARTESIAN_POINT('',(3.775,3.1,3.0));
#4244=VECTOR('',#5272,0.2);
#4245=CARTESIAN_POINT('',(4.775,2.9,3.0));
#4246=CARTESIAN_POINT('',(5.225,2.9,3.0));
#4247=CARTESIAN_POINT('',(4.775,2.9,3.0));
#4248=VECTOR('',#5273,0.45);
#4249=CARTESIAN_POINT('',(5.225,3.1,3.0));
#4250=CARTESIAN_POINT('',(5.225,2.9,3.0));
#4251=VECTOR('',#5274,0.2);
#4252=CARTESIAN_POINT('',(4.775,3.1,3.0));
#4253=CARTESIAN_POINT('',(5.225,3.1,3.0));
#4254=VECTOR('',#5275,0.45);
#4255=CARTESIAN_POINT('',(4.775,3.1,3.0));
#4256=VECTOR('',#5276,0.2);
#4257=CARTESIAN_POINT('',(1.775,3.1,6.7));
#4258=CARTESIAN_POINT('',(1.775,3.1,6.7));
#4259=VECTOR('',#5277,3.7);
#4260=CARTESIAN_POINT('',(1.775,2.35,6.7));
#4261=CARTESIAN_POINT('',(1.775,3.1,6.7));
#4262=VECTOR('',#5278,0.75);
#4263=AXIS2_PLACEMENT_3D('',#5279,#5280,#5281);
#4264=CARTESIAN_POINT('',(1.775,2.054598280889,6.364842920582));
#4265=CARTESIAN_POINT('',(1.775,2.05,6.356380141526));
#4266=VECTOR('',#5282,0.009631345517643);
#4267=AXIS2_PLACEMENT_3D('',#5283,#5284,#5285);
#4268=CARTESIAN_POINT('',(1.775,2.9,3.0));
#4269=VECTOR('',#5286,3.15);
#4270=CARTESIAN_POINT('',(1.775,2.230332378272,6.269357178101));
#4271=AXIS2_PLACEMENT_3D('',#5287,#5288,#5289);
#4272=CARTESIAN_POINT('',(1.775,2.05,5.937469433386));
#4273=VECTOR('',#5290,0.3777158214124);
#4274=CARTESIAN_POINT('',(1.775,2.7,3.0));
#4275=VECTOR('',#5291,3.15);
#4276=CARTESIAN_POINT('',(2.225,2.9,3.0));
#4277=VECTOR('',#5292,3.15);
#4278=CARTESIAN_POINT('',(2.225,2.230332378272,6.269357178101));
#4279=CARTESIAN_POINT('',(2.225,2.05,5.937469433386));
#4280=VECTOR('',#5293,0.3777158214124);
#4281=AXIS2_PLACEMENT_3D('',#5294,#5295,#5296);
#4282=CARTESIAN_POINT('',(2.225,2.7,6.15));
#4283=VECTOR('',#5297,3.15);
#4284=CARTESIAN_POINT('',(2.225,2.054598280889,6.364842920582));
#4285=AXIS2_PLACEMENT_3D('',#5298,#5299,#5300);
#4286=CARTESIAN_POINT('',(2.225,2.05,6.356380141526));
#4287=VECTOR('',#5301,0.009631345517644);
#4288=CARTESIAN_POINT('',(2.225,2.35,6.7));
#4289=AXIS2_PLACEMENT_3D('',#5302,#5303,#5304);
#4290=CARTESIAN_POINT('',(2.225,3.1,6.7));
#4291=CARTESIAN_POINT('',(2.225,2.35,6.7));
#4292=VECTOR('',#5305,0.75);
#4293=CARTESIAN_POINT('',(2.225,3.1,6.7));
#4294=VECTOR('',#5306,3.7);
#4295=CARTESIAN_POINT('',(1.775,2.230332378272,6.269357178101));
#4296=VECTOR('',#5307,0.45);
#4297=CARTESIAN_POINT('',(2.225,1.252645300474,4.47));
#4298=CARTESIAN_POINT('',(2.225,1.252645300474,4.47));
#4299=VECTOR('',#5308,1.670102109087);
#4300=CARTESIAN_POINT('',(1.775,1.252645300474,4.47));
#4301=CARTESIAN_POINT('',(1.775,1.252645300474,4.47));
#4302=VECTOR('',#5309,0.45);
#4303=CARTESIAN_POINT('',(1.775,1.252645300474,4.47));
#4304=VECTOR('',#5310,1.670102109087);
#4305=CARTESIAN_POINT('',(1.775,1.182351661521,4.508194296992));
#4306=CARTESIAN_POINT('',(1.775,1.182351661521,4.508194296992));
#4307=VECTOR('',#5311,0.08);
#4308=CARTESIAN_POINT('',(1.775,1.158612559402,4.648938078196));
#4309=CARTESIAN_POINT('',(1.775,1.158612559402,4.648938078196));
#4310=VECTOR('',#5312,0.1427317656199);
#4311=CARTESIAN_POINT('',(1.775,1.174722769146,4.745500337619));
#4312=AXIS2_PLACEMENT_3D('',#5313,#5314,#5315);
#4313=CARTESIAN_POINT('',(1.775,2.05,6.356380141526));
#4314=VECTOR('',#5316,1.833315022981);
#4315=CARTESIAN_POINT('',(1.775,-0.4,2.07));
#4316=CARTESIAN_POINT('',(1.775,-0.4,2.07));
#4317=VECTOR('',#5317,0.9);
#4318=CARTESIAN_POINT('',(1.775,-1.3,1.62));
#4319=CARTESIAN_POINT('',(1.775,-1.3,1.62));
#4320=VECTOR('',#5318,1.006230589875);
#4321=CARTESIAN_POINT('',(1.775,-3.0,2.07));
#4322=CARTESIAN_POINT('',(1.775,-3.0,2.07));
#4323=VECTOR('',#5319,1.758550539507);
#4324=CARTESIAN_POINT('',(1.775,-3.2,2.07));
#4325=CARTESIAN_POINT('',(1.775,-3.2,2.07));
#4326=VECTOR('',#5320,0.2);
#4327=CARTESIAN_POINT('',(1.775,-3.2,2.27));
#4328=CARTESIAN_POINT('',(1.775,-3.2,2.27));
#4329=VECTOR('',#5321,0.2);
#4330=CARTESIAN_POINT('',(1.775,-3.0,2.27));
#4331=CARTESIAN_POINT('',(1.775,-3.0,2.27));
#4332=VECTOR('',#5322,0.2);
#4333=CARTESIAN_POINT('',(1.775,-1.3,1.82));
#4334=CARTESIAN_POINT('',(1.775,-1.3,1.82));
#4335=VECTOR('',#5323,1.758550539507);
#4336=CARTESIAN_POINT('',(1.775,-0.4,2.27));
#4337=CARTESIAN_POINT('',(1.775,-0.4,2.27));
#4338=VECTOR('',#5324,1.006230589875);
#4339=CARTESIAN_POINT('',(1.775,0.5,2.27));
#4340=VECTOR('',#5325,0.9);
#4341=CARTESIAN_POINT('',(2.225,1.174722769146,4.745500337619));
#4342=CARTESIAN_POINT('',(1.775,1.174722769146,4.745500337619));
#4343=VECTOR('',#5326,0.45);
#4344=CARTESIAN_POINT('',(2.225,2.05,6.356380141526));
#4345=VECTOR('',#5327,1.833315022981);
#4346=CARTESIAN_POINT('',(1.775,2.054598280889,6.364842920582));
#4347=VECTOR('',#5328,0.45);
#4348=CARTESIAN_POINT('',(2.225,1.158612559402,4.648938078196));
#4349=AXIS2_PLACEMENT_3D('',#5329,#5330,#5331);
#4350=CARTESIAN_POINT('',(2.225,1.182351661521,4.508194296992));
#4351=CARTESIAN_POINT('',(2.225,1.158612559402,4.648938078196));
#4352=VECTOR('',#5332,0.1427317656199);
#4353=CARTESIAN_POINT('',(2.225,1.182351661521,4.508194296992));
#4354=VECTOR('',#5333,0.08);
#4355=CARTESIAN_POINT('',(2.225,-0.4,2.27));
#4356=CARTESIAN_POINT('',(2.225,0.5,2.27));
#4357=VECTOR('',#5334,0.9);
#4358=CARTESIAN_POINT('',(2.225,-1.3,1.82));
#4359=CARTESIAN_POINT('',(2.225,-0.4,2.27));
#4360=VECTOR('',#5335,1.006230589875);
#4361=CARTESIAN_POINT('',(2.225,-3.0,2.27));
#4362=CARTESIAN_POINT('',(2.225,-1.3,1.82));
#4363=VECTOR('',#5336,1.758550539507);
#4364=CARTESIAN_POINT('',(2.225,-3.2,2.27));
#4365=CARTESIAN_POINT('',(2.225,-3.0,2.27));
#4366=VECTOR('',#5337,0.2);
#4367=CARTESIAN_POINT('',(2.225,-3.2,2.07));
#4368=CARTESIAN_POINT('',(2.225,-3.2,2.27));
#4369=VECTOR('',#5338,0.2);
#4370=CARTESIAN_POINT('',(2.225,-3.0,2.07));
#4371=CARTESIAN_POINT('',(2.225,-3.2,2.07));
#4372=VECTOR('',#5339,0.2);
#4373=CARTESIAN_POINT('',(2.225,-1.3,1.62));
#4374=CARTESIAN_POINT('',(2.225,-3.0,2.07));
#4375=VECTOR('',#5340,1.758550539507);
#4376=CARTESIAN_POINT('',(2.225,-0.4,2.07));
#4377=CARTESIAN_POINT('',(2.225,-1.3,1.62));
#4378=VECTOR('',#5341,1.006230589875);
#4379=CARTESIAN_POINT('',(2.225,-0.4,2.07));
#4380=VECTOR('',#5342,0.9);
#4381=CARTESIAN_POINT('',(1.775,1.182351661521,4.508194296992));
#4382=VECTOR('',#5343,0.45);
#4383=CARTESIAN_POINT('',(1.775,1.158612559402,4.648938078196));
#4384=VECTOR('',#5344,0.45);
#4385=CARTESIAN_POINT('',(1.775,-0.4,2.07));
#4386=VECTOR('',#5345,0.45);
#4387=CARTESIAN_POINT('',(1.775,-1.3,1.62));
#4388=VECTOR('',#5346,0.45);
#4389=CARTESIAN_POINT('',(1.775,-3.0,2.07));
#4390=VECTOR('',#5347,0.45);
#4391=CARTESIAN_POINT('',(1.775,-3.2,2.07));
#4392=VECTOR('',#5348,0.45);
#4393=CARTESIAN_POINT('',(1.775,-3.2,2.27));
#4394=VECTOR('',#5349,0.45);
#4395=CARTESIAN_POINT('',(1.775,-3.0,2.27));
#4396=VECTOR('',#5350,0.45);
#4397=CARTESIAN_POINT('',(1.775,-1.3,1.82));
#4398=VECTOR('',#5351,0.45);
#4399=CARTESIAN_POINT('',(1.775,-0.4,2.27));
#4400=VECTOR('',#5352,0.45);
#4401=CARTESIAN_POINT('',(2.225,3.1,6.7));
#4402=VECTOR('',#5353,0.45);
#4403=CARTESIAN_POINT('',(0.0,0.0,6.7));
#4404=CARTESIAN_POINT('',(0.0,0.0,6.7));
#4405=VECTOR('',#5354,0.975);
#4406=CARTESIAN_POINT('',(6.025,0.0,6.7));
#4407=CARTESIAN_POINT('',(6.025,0.5,6.7));
#4408=VECTOR('',#5355,0.5);
#4409=CARTESIAN_POINT('',(7.0,0.0,6.7));
#4410=CARTESIAN_POINT('',(6.025,0.0,6.7));
#4411=VECTOR('',#5356,0.975);
#4412=CARTESIAN_POINT('',(7.0,3.6,6.7));
#4413=CARTESIAN_POINT('',(7.0,0.0,6.7));
#4414=VECTOR('',#5357,3.6);
#4415=CARTESIAN_POINT('',(0.5,3.6,6.7));
#4416=CARTESIAN_POINT('',(7.0,3.6,6.7));
#4417=VECTOR('',#5358,6.5);
#4418=CARTESIAN_POINT('',(0.0,3.1,6.7));
#4419=CARTESIAN_POINT('',(0.5,3.6,6.7));
#4420=VECTOR('',#5359,0.7071067811865);
#4421=CARTESIAN_POINT('',(0.0,3.1,6.7));
#4422=VECTOR('',#5360,3.1);
#4423=CARTESIAN_POINT('',(5.225,3.1,6.7));
#4424=CARTESIAN_POINT('',(4.775,3.1,6.7));
#4425=CARTESIAN_POINT('',(5.225,3.1,6.7));
#4426=VECTOR('',#5361,0.45);
#4427=CARTESIAN_POINT('',(5.225,2.35,6.7));
#4428=CARTESIAN_POINT('',(5.225,2.35,6.7));
#4429=VECTOR('',#5362,0.75);
#4430=CARTESIAN_POINT('',(6.175,2.35,6.7));
#4431=CARTESIAN_POINT('',(5.225,2.35,6.7));
#4432=VECTOR('',#5363,0.95);
#4433=CARTESIAN_POINT('',(6.175,0.9,6.7));
#4434=CARTESIAN_POINT('',(6.175,2.35,6.7));
#4435=VECTOR('',#5364,1.45);
#4436=CARTESIAN_POINT('',(0.825,0.9,6.7));
#4437=CARTESIAN_POINT('',(6.175,0.9,6.7));
#4438=VECTOR('',#5365,5.35);
#4439=CARTESIAN_POINT('',(0.825,2.35,6.7));
#4440=CARTESIAN_POINT('',(0.825,0.9,6.7));
#4441=VECTOR('',#5366,1.45);
#4442=CARTESIAN_POINT('',(0.825,2.35,6.7));
#4443=VECTOR('',#5367,0.95);
#4444=CARTESIAN_POINT('',(2.775,2.35,6.7));
#4445=CARTESIAN_POINT('',(2.225,2.35,6.7));
#4446=VECTOR('',#5368,0.55);
#4447=CARTESIAN_POINT('',(2.775,3.1,6.7));
#4448=CARTESIAN_POINT('',(2.775,3.1,6.7));
#4449=VECTOR('',#5369,0.75);
#4450=CARTESIAN_POINT('',(3.225,3.1,6.7));
#4451=CARTESIAN_POINT('',(3.225,3.1,6.7));
#4452=VECTOR('',#5370,0.45);
#4453=CARTESIAN_POINT('',(3.225,2.35,6.7));
#4454=CARTESIAN_POINT('',(3.225,2.35,6.7));
#4455=VECTOR('',#5371,0.75);
#4456=CARTESIAN_POINT('',(3.775,2.35,6.7));
#4457=CARTESIAN_POINT('',(3.225,2.35,6.7));
#4458=VECTOR('',#5372,0.55);
#4459=CARTESIAN_POINT('',(3.775,3.1,6.7));
#4460=CARTESIAN_POINT('',(3.775,3.1,6.7));
#4461=VECTOR('',#5373,0.75);
#4462=CARTESIAN_POINT('',(4.225,3.1,6.7));
#4463=CARTESIAN_POINT('',(4.225,3.1,6.7));
#4464=VECTOR('',#5374,0.45);
#4465=CARTESIAN_POINT('',(4.225,2.35,6.7));
#4466=CARTESIAN_POINT('',(4.225,2.35,6.7));
#4467=VECTOR('',#5375,0.75);
#4468=CARTESIAN_POINT('',(4.775,2.35,6.7));
#4469=CARTESIAN_POINT('',(4.225,2.35,6.7));
#4470=VECTOR('',#5376,0.55);
#4471=CARTESIAN_POINT('',(4.775,3.1,6.7));
#4472=VECTOR('',#5377,0.75);
#4473=CARTESIAN_POINT('',(0.0,2.25,1.9));
#4474=CARTESIAN_POINT('',(0.0,2.05,1.7));
#4475=CARTESIAN_POINT('',(0.0,2.25,1.9));
#4476=VECTOR('',#5378,0.2828427124746);
#4477=CARTESIAN_POINT('',(0.0,2.05,0.2));
#4478=CARTESIAN_POINT('',(0.0,2.05,1.7));
#4479=VECTOR('',#5379,1.5);
#4480=CARTESIAN_POINT('',(0.0,2.05,0.2));
#4481=VECTOR('',#5380,0.2828427124746);
#4482=CARTESIAN_POINT('',(0.0,0.0,0.0));
#4483=VECTOR('',#5381,6.7);
#4484=CARTESIAN_POINT('',(0.0,3.1,1.9));
#4485=CARTESIAN_POINT('',(0.0,3.1,1.9));
#4486=VECTOR('',#5382,4.8);
#4487=CARTESIAN_POINT('',(0.0,3.1,1.9));
#4488=VECTOR('',#5383,0.85);
#4489=CARTESIAN_POINT('',(6.025,3.6,1.9));
#4490=CARTESIAN_POINT('',(6.025,3.5,1.9));
#4491=CARTESIAN_POINT('',(6.025,3.6,1.9));
#4492=VECTOR('',#5384,0.1);
#4493=CARTESIAN_POINT('',(7.0,3.5,1.9));
#4494=CARTESIAN_POINT('',(7.0,3.5,1.9));
#4495=VECTOR('',#5385,0.975);
#4496=CARTESIAN_POINT('',(7.0,2.25,1.9));
#4497=CARTESIAN_POINT('',(7.0,3.5,1.9));
#4498=VECTOR('',#5386,1.25);
#4499=CARTESIAN_POINT('',(6.025,2.25,1.9));
#4500=CARTESIAN_POINT('',(7.0,2.25,1.9));
#4501=VECTOR('',#5387,0.975);
#4502=CARTESIAN_POINT('',(6.025,2.25,1.9));
#4503=VECTOR('',#5388,1.75);
#4504=CARTESIAN_POINT('',(0.0,2.25,1.9));
#4505=VECTOR('',#5389,0.975);
#4506=CARTESIAN_POINT('',(0.5,3.6,1.9));
#4507=CARTESIAN_POINT('',(0.5,3.6,1.9));
#4508=VECTOR('',#5390,0.7071067811865);
#4509=CARTESIAN_POINT('',(0.5,3.6,1.9));
#4510=VECTOR('',#5391,5.525);
#4511=CARTESIAN_POINT('',(2.775,1.8,1.9));
#4512=CARTESIAN_POINT('',(3.225,1.8,1.9));
#4513=CARTESIAN_POINT('',(2.775,1.8,1.9));
#4514=VECTOR('',#5392,0.45);
#4515=CARTESIAN_POINT('',(3.225,2.0,1.9));
#4516=CARTESIAN_POINT('',(3.225,2.0,1.9));
#4517=VECTOR('',#5393,0.2);
#4518=CARTESIAN_POINT('',(2.775,2.0,1.9));
#4519=CARTESIAN_POINT('',(2.775,2.0,1.9));
#4520=VECTOR('',#5394,0.45);
#4521=CARTESIAN_POINT('',(2.775,2.0,1.9));
#4522=VECTOR('',#5395,0.2);
#4523=CARTESIAN_POINT('',(4.775,1.8,1.9));
#4524=CARTESIAN_POINT('',(5.225,1.8,1.9));
#4525=CARTESIAN_POINT('',(4.775,1.8,1.9));
#4526=VECTOR('',#5396,0.45);
#4527=CARTESIAN_POINT('',(5.225,2.0,1.9));
#4528=CARTESIAN_POINT('',(5.225,2.0,1.9));
#4529=VECTOR('',#5397,0.2);
#4530=CARTESIAN_POINT('',(4.775,2.0,1.9));
#4531=CARTESIAN_POINT('',(4.775,2.0,1.9));
#4532=VECTOR('',#5398,0.45);
#4533=CARTESIAN_POINT('',(4.775,2.0,1.9));
#4534=VECTOR('',#5399,0.2);
#4535=CARTESIAN_POINT('',(4.775,1.252645300474,4.47));
#4536=CARTESIAN_POINT('',(4.775,1.252645300474,4.47));
#4537=VECTOR('',#5400,1.670102109087);
#4538=CARTESIAN_POINT('',(4.775,1.182351661521,4.508194296992));
#4539=CARTESIAN_POINT('',(4.775,1.182351661521,4.508194296992));
#4540=VECTOR('',#5401,0.08);
#4541=CARTESIAN_POINT('',(4.775,1.158612559402,4.648938078196));
#4542=CARTESIAN_POINT('',(4.775,1.158612559402,4.648938078196));
#4543=VECTOR('',#5402,0.1427317656199);
#4544=CARTESIAN_POINT('',(4.775,1.174722769146,4.745500337619));
#4545=AXIS2_PLACEMENT_3D('',#5403,#5404,#5405);
#4546=CARTESIAN_POINT('',(4.775,2.05,6.356380141526));
#4547=VECTOR('',#5406,1.833315022981);
#4548=CARTESIAN_POINT('',(4.775,2.0,0.37));
#4549=CARTESIAN_POINT('',(4.775,2.0,0.37));
#4550=VECTOR('',#5407,1.53);
#4551=CARTESIAN_POINT('',(4.775,1.7,0.07));
#4552=AXIS2_PLACEMENT_3D('',#5408,#5409,#5410);
#4553=CARTESIAN_POINT('',(4.775,-0.4,0.07119823991282));
#4554=CARTESIAN_POINT('',(4.775,-0.4,0.07119823991282));
#4555=VECTOR('',#5411,2.100000341852);
#4556=CARTESIAN_POINT('',(4.775,-1.3,0.5091661123397));
#4557=CARTESIAN_POINT('',(4.775,-1.3,0.5091661123397));
#4558=VECTOR('',#5412,1.000907516846);
#4559=CARTESIAN_POINT('',(4.775,-3.0,0.07119823991282));
#4560=CARTESIAN_POINT('',(4.775,-3.0,0.07119823991282));
#4561=VECTOR('',#5413,1.755510141605);
#4562=CARTESIAN_POINT('',(4.775,-3.2,0.07119823991282));
#4563=CARTESIAN_POINT('',(4.775,-3.2,0.07119823991282));
#4564=VECTOR('',#5414,0.2);
#4565=CARTESIAN_POINT('',(4.775,-3.2,0.27));
#4566=CARTESIAN_POINT('',(4.775,-3.2,0.27));
#4567=VECTOR('',#5415,0.1988017600872);
#4568=CARTESIAN_POINT('',(4.775,-3.03,0.27));
#4569=CARTESIAN_POINT('',(4.775,-3.03,0.27));
#4570=VECTOR('',#5416,0.17);
#4571=CARTESIAN_POINT('',(4.775,-1.278645491731,0.7211982399128));
#4572=CARTESIAN_POINT('',(4.775,-1.278645491731,0.7211982399128));
#4573=VECTOR('',#5417,1.808541529889);
#4574=CARTESIAN_POINT('',(4.775,-0.3514578108826,0.27));
#4575=CARTESIAN_POINT('',(4.775,-0.3514578108826,0.27));
#4576=VECTOR('',#5418,1.031143465875);
#4577=CARTESIAN_POINT('',(4.775,1.7,0.27));
#4578=CARTESIAN_POINT('',(4.775,1.7,0.27));
#4579=VECTOR('',#5419,2.051457810883);
#4580=CARTESIAN_POINT('',(4.775,1.8,0.37));
#4581=AXIS2_PLACEMENT_3D('',#5420,#5421,#5422);
#4582=CARTESIAN_POINT('',(4.775,1.8,1.9));
#4583=VECTOR('',#5423,1.53);
#4584=CARTESIAN_POINT('',(5.225,1.174722769146,4.745500337619));
#4585=CARTESIAN_POINT('',(4.775,1.174722769146,4.745500337619));
#4586=VECTOR('',#5424,0.45);
#4587=CARTESIAN_POINT('',(5.225,2.05,6.356380141526));
#4588=VECTOR('',#5425,1.833315022981);
#4589=CARTESIAN_POINT('',(5.225,2.054598280889,6.364842920582));
#4590=CARTESIAN_POINT('',(5.225,2.05,6.356380141526));
#4591=VECTOR('',#5426,0.009631345517674);
#4592=CARTESIAN_POINT('',(4.775,2.054598280889,6.364842920582));
#4593=CARTESIAN_POINT('',(4.775,2.054598280889,6.364842920582));
#4594=VECTOR('',#5427,0.45);
#4595=CARTESIAN_POINT('',(4.775,2.05,6.356380141526));
#4596=VECTOR('',#5428,0.009631345517673);
#4597=CARTESIAN_POINT('',(4.775,3.1,6.7));
#4598=VECTOR('',#5429,3.7);
#4599=AXIS2_PLACEMENT_3D('',#5430,#5431,#5432);
#4600=AXIS2_PLACEMENT_3D('',#5433,#5434,#5435);
#4601=CARTESIAN_POINT('',(4.775,2.9,3.0));
#4602=VECTOR('',#5436,3.15);
#4603=CARTESIAN_POINT('',(4.775,2.7,6.15));
#4604=VECTOR('',#5437,3.15);
#4605=CARTESIAN_POINT('',(4.775,2.230332378272,6.269357178101));
#4606=AXIS2_PLACEMENT_3D('',#5438,#5439,#5440);
#4607=CARTESIAN_POINT('',(4.775,2.05,5.937469433386));
#4608=VECTOR('',#5441,0.3777158214124);
#4609=CARTESIAN_POINT('',(5.225,2.9,3.0));
#4610=VECTOR('',#5442,3.15);
#4611=CARTESIAN_POINT('',(5.225,2.230332378272,6.269357178101));
#4612=CARTESIAN_POINT('',(5.225,2.05,5.937469433386));
#4613=VECTOR('',#5443,0.3777158214124);
#4614=AXIS2_PLACEMENT_3D('',#5444,#5445,#5446);
#4615=CARTESIAN_POINT('',(5.225,2.7,6.15));
#4616=VECTOR('',#5447,3.15);
#4617=AXIS2_PLACEMENT_3D('',#5448,#5449,#5450);
#4618=AXIS2_PLACEMENT_3D('',#5451,#5452,#5453);
#4619=CARTESIAN_POINT('',(5.225,3.1,6.7));
#4620=VECTOR('',#5454,3.7);
#4621=CARTESIAN_POINT('',(4.775,2.230332378272,6.269357178101));
#4622=VECTOR('',#5455,0.45);
#4623=CARTESIAN_POINT('',(5.225,1.252645300474,4.47));
#4624=CARTESIAN_POINT('',(5.225,1.252645300474,4.47));
#4625=VECTOR('',#5456,1.670102109087);
#4626=CARTESIAN_POINT('',(4.775,1.252645300474,4.47));
#4627=VECTOR('',#5457,0.45);
#4628=CARTESIAN_POINT('',(5.225,1.182351661521,4.508194296992));
#4629=CARTESIAN_POINT('',(5.225,1.182351661521,4.508194296992));
#4630=VECTOR('',#5458,0.08);
#4631=CARTESIAN_POINT('',(4.775,1.182351661521,4.508194296992));
#4632=VECTOR('',#5459,0.45);
#4633=CARTESIAN_POINT('',(5.225,1.158612559402,4.648938078196));
#4634=CARTESIAN_POINT('',(5.225,1.158612559402,4.648938078196));
#4635=VECTOR('',#5460,0.1427317656199);
#4636=CARTESIAN_POINT('',(4.775,1.158612559402,4.648938078196));
#4637=VECTOR('',#5461,0.45);
#4638=AXIS2_PLACEMENT_3D('',#5462,#5463,#5464);
#4639=CARTESIAN_POINT('',(5.225,1.8,0.37));
#4640=CARTESIAN_POINT('',(5.225,1.8,1.9));
#4641=VECTOR('',#5465,1.53);
#4642=CARTESIAN_POINT('',(5.225,1.7,0.27));
#4643=AXIS2_PLACEMENT_3D('',#5466,#5467,#5468);
#4644=CARTESIAN_POINT('',(5.225,-0.3514578108826,0.27));
#4645=CARTESIAN_POINT('',(5.225,1.7,0.27));
#4646=VECTOR('',#5469,2.051457810883);
#4647=CARTESIAN_POINT('',(5.225,-1.278645491731,0.7211982399128));
#4648=CARTESIAN_POINT('',(5.225,-0.3514578108826,0.27));
#4649=VECTOR('',#5470,1.031143465875);
#4650=CARTESIAN_POINT('',(5.225,-3.03,0.27));
#4651=CARTESIAN_POINT('',(5.225,-1.278645491731,0.7211982399128));
#4652=VECTOR('',#5471,1.808541529889);
#4653=CARTESIAN_POINT('',(5.225,-3.2,0.27));
#4654=CARTESIAN_POINT('',(5.225,-3.03,0.27));
#4655=VECTOR('',#5472,0.17);
#4656=CARTESIAN_POINT('',(5.225,-3.2,0.07119823991282));
#4657=CARTESIAN_POINT('',(5.225,-3.2,0.27));
#4658=VECTOR('',#5473,0.1988017600872);
#4659=CARTESIAN_POINT('',(5.225,-3.0,0.07119823991282));
#4660=CARTESIAN_POINT('',(5.225,-3.2,0.07119823991282));
#4661=VECTOR('',#5474,0.2);
#4662=CARTESIAN_POINT('',(5.225,-1.3,0.5091661123397));
#4663=CARTESIAN_POINT('',(5.225,-3.0,0.07119823991282));
#4664=VECTOR('',#5475,1.755510141605);
#4665=CARTESIAN_POINT('',(5.225,-0.4,0.07119823991282));
#4666=CARTESIAN_POINT('',(5.225,-1.3,0.5091661123397));
#4667=VECTOR('',#5476,1.000907516846);
#4668=CARTESIAN_POINT('',(5.225,1.7,0.07));
#4669=CARTESIAN_POINT('',(5.225,-0.4,0.07119823991282));
#4670=VECTOR('',#5477,2.100000341852);
#4671=CARTESIAN_POINT('',(5.225,2.0,0.37));
#4672=AXIS2_PLACEMENT_3D('',#5478,#5479,#5480);
#4673=CARTESIAN_POINT('',(5.225,2.0,0.37));
#4674=VECTOR('',#5481,1.53);
#4675=CARTESIAN_POINT('',(4.775,2.0,0.37));
#4676=VECTOR('',#5482,0.45);
#4677=CARTESIAN_POINT('',(4.775,1.7,0.07));
#4678=VECTOR('',#5483,0.45);
#4679=CARTESIAN_POINT('',(4.775,-0.4,0.07119823991282));
#4680=VECTOR('',#5484,0.45);
#4681=CARTESIAN_POINT('',(4.775,-1.3,0.5091661123397));
#4682=VECTOR('',#5485,0.45);
#4683=CARTESIAN_POINT('',(4.775,-3.0,0.07119823991282));
#4684=VECTOR('',#5486,0.45);
#4685=CARTESIAN_POINT('',(4.775,-3.2,0.07119823991282));
#4686=VECTOR('',#5487,0.45);
#4687=CARTESIAN_POINT('',(4.775,-3.2,0.27));
#4688=VECTOR('',#5488,0.45);
#4689=CARTESIAN_POINT('',(4.775,-3.03,0.27));
#4690=VECTOR('',#5489,0.45);
#4691=CARTESIAN_POINT('',(4.775,-1.278645491731,0.7211982399128));
#4692=VECTOR('',#5490,0.45);
#4693=CARTESIAN_POINT('',(4.775,-0.3514578108826,0.27));
#4694=VECTOR('',#5491,0.45);
#4695=CARTESIAN_POINT('',(4.775,1.7,0.27));
#4696=VECTOR('',#5492,0.45);
#4697=CARTESIAN_POINT('',(4.775,1.8,0.37));
#4698=VECTOR('',#5493,0.45);
#4699=CARTESIAN_POINT('',(0.825,2.35,6.7));
#4700=CARTESIAN_POINT('',(0.8361197634714,2.334274279688,6.7));
#4701=CARTESIAN_POINT('',(0.8584737920758,2.302665196406,6.697546705513));
#4702=CARTESIAN_POINT('',(0.8915363696786,2.254989447102,6.685997577506));
#4703=CARTESIAN_POINT('',(0.9222632424561,2.208572341622,6.666227969269));
#4704=CARTESIAN_POINT('',(0.9488943379108,2.164385666586,6.637711390012));
#4705=CARTESIAN_POINT('',(0.9688590221426,2.123861117448,6.599911649803));
#4706=CARTESIAN_POINT('',(0.975,2.100357734636,6.567606912673));
#4707=CARTESIAN_POINT('',(0.975,2.090192378865,6.55));
#4708=AXIS2_PLACEMENT_3D('',#5494,#5495,#5496);
#4709=AXIS2_PLACEMENT_3D('',#5497,#5498,#5499);
#4710=AXIS2_PLACEMENT_3D('',#5500,#5501,#5502);
#4711=AXIS2_PLACEMENT_3D('',#5503,#5504,#5505);
#4712=CARTESIAN_POINT('',(6.025,2.090192378865,6.55));
#4713=AXIS2_PLACEMENT_3D('',#5506,#5507,#5508);
#4714=CARTESIAN_POINT('',(6.025,2.090192378865,6.55));
#4715=CARTESIAN_POINT('',(6.025,2.100357734636,6.567606912673));
#4716=CARTESIAN_POINT('',(6.031140977857,2.123861117448,6.599911649803));
#4717=CARTESIAN_POINT('',(6.051105662089,2.164385666586,6.637711390012));
#4718=CARTESIAN_POINT('',(6.077736757544,2.208572341622,6.666227969269));
#4719=CARTESIAN_POINT('',(6.108463630321,2.254989447102,6.685997577506));
#4720=CARTESIAN_POINT('',(6.141526207924,2.302665196406,6.697546705513));
#4721=CARTESIAN_POINT('',(6.163880236529,2.334274279688,6.7));
#4722=CARTESIAN_POINT('',(6.175,2.35,6.7));
#4723=CARTESIAN_POINT('',(0.825,0.9,6.7));
#4724=CARTESIAN_POINT('',(0.8330473731974,0.9080473731974,6.7));
#4725=CARTESIAN_POINT('',(0.8493285444949,0.9243285444949,6.698715935664));
#4726=CARTESIAN_POINT('',(0.8741619571964,0.9491619571964,6.692510013286));
#4727=CARTESIAN_POINT('',(0.8984004363153,0.9734004363153,6.681739333915));
#4728=CARTESIAN_POINT('',(0.9212692516384,0.9962692516384,6.666185287542));
#4729=CARTESIAN_POINT('',(0.9418987126149,1.016898712615,6.645576074084));
#4730=CARTESIAN_POINT('',(0.9591873917271,1.034187391727,6.619598536019));
#4731=CARTESIAN_POINT('',(0.9716028206872,1.046602820687,6.587852773685));
#4732=CARTESIAN_POINT('',(0.975,1.05,6.562997516342));
#4733=CARTESIAN_POINT('',(0.975,1.05,6.55));
#4734=CARTESIAN_POINT('',(6.025,1.05,6.55));
#4735=CARTESIAN_POINT('',(6.175,0.9,6.7));
#4736=CARTESIAN_POINT('',(6.166952626803,0.9080473731974,6.7));
#4737=CARTESIAN_POINT('',(6.150671455505,0.9243285444949,6.698715935664));
#4738=CARTESIAN_POINT('',(6.125838042804,0.9491619571964,6.692510013286));
#4739=CARTESIAN_POINT('',(6.101599563685,0.9734004363153,6.681739333915));
#4740=CARTESIAN_POINT('',(6.078730748362,0.9962692516384,6.666185287542));
#4741=CARTESIAN_POINT('',(6.058101287385,1.016898712615,6.645576074084));
#4742=CARTESIAN_POINT('',(6.040812608273,1.034187391727,6.619598536019));
#4743=CARTESIAN_POINT('',(6.028397179313,1.046602820687,6.587852773685));
#4744=CARTESIAN_POINT('',(6.025,1.05,6.562997516342));
#4745=CARTESIAN_POINT('',(6.025,1.05,6.55));
#4746=CARTESIAN_POINT('',(6.025,1.05,6.55));
#4747=VECTOR('',#5509,5.05);
#4748=CARTESIAN_POINT('',(6.025,1.05,6.55));
#4749=VECTOR('',#5510,3.55);
#4750=CARTESIAN_POINT('',(6.025,0.0,5.2));
#4751=CARTESIAN_POINT('',(6.025,0.0,5.2));
#4752=VECTOR('',#5511,1.5);
#4753=CARTESIAN_POINT('',(6.025,0.5,5.2));
#4754=VECTOR('',#5512,0.5);
#4755=CARTESIAN_POINT('',(6.025,2.05,1.7));
#4756=CARTESIAN_POINT('',(6.025,2.25,1.9));
#4757=VECTOR('',#5513,0.2828427124746);
#4758=CARTESIAN_POINT('',(6.025,2.05,0.2));
#4759=CARTESIAN_POINT('',(6.025,2.05,1.7));
#4760=VECTOR('',#5514,1.5);
#4761=CARTESIAN_POINT('',(6.025,2.05,0.2));
#4762=VECTOR('',#5515,0.2828427124746);
#4763=CARTESIAN_POINT('',(6.025,0.0,4.2));
#4764=CARTESIAN_POINT('',(6.025,0.0,0.0));
#4765=VECTOR('',#5516,4.2);
#4766=CARTESIAN_POINT('',(6.025,0.5,4.2));
#4767=VECTOR('',#5517,0.5);
#4768=CARTESIAN_POINT('',(6.025,2.090192378865,6.55));
#4769=VECTOR('',#5518,1.040192378865);
#4770=CARTESIAN_POINT('',(5.0,0.0,5.2));
#4771=CARTESIAN_POINT('',(5.0,0.5,5.2));
#4772=VECTOR('',#5519,0.5);
#4773=CARTESIAN_POINT('',(6.025,0.0,5.2));
#4774=VECTOR('',#5520,1.025);
#4775=CARTESIAN_POINT('',(5.0,0.0,4.2));
#4776=CARTESIAN_POINT('',(5.0,0.0,5.2));
#4777=VECTOR('',#5521,1.0);
#4778=CARTESIAN_POINT('',(5.0,0.0,4.2));
#4779=VECTOR('',#5522,1.025);
#4780=CARTESIAN_POINT('',(7.0,0.0,0.0));
#4781=VECTOR('',#5523,6.7);
#4782=CARTESIAN_POINT('',(2.0,0.0,4.2));
#4783=CARTESIAN_POINT('',(0.975,0.0,4.2));
#4784=VECTOR('',#5524,1.025);
#4785=CARTESIAN_POINT('',(2.0,0.0,4.2));
#4786=VECTOR('',#5525,1.0);
#4787=CARTESIAN_POINT('',(7.0,3.6,5.9));
#4788=CARTESIAN_POINT('',(7.0,3.5,5.9));
#4789=CARTESIAN_POINT('',(7.0,3.6,5.9));
#4790=VECTOR('',#5526,0.1);
#4791=CARTESIAN_POINT('',(7.0,3.6,5.9));
#4792=VECTOR('',#5527,0.8);
#4793=CARTESIAN_POINT('',(7.0,2.05,0.2));
#4794=CARTESIAN_POINT('',(7.0,2.05,0.2));
#4795=VECTOR('',#5528,0.2828427124746);
#4796=CARTESIAN_POINT('',(7.0,2.05,1.7));
#4797=CARTESIAN_POINT('',(7.0,2.05,1.7));
#4798=VECTOR('',#5529,1.5);
#4799=CARTESIAN_POINT('',(7.0,2.25,1.9));
#4800=VECTOR('',#5530,0.2828427124746);
#4801=CARTESIAN_POINT('',(7.0,3.5,5.9));
#4802=VECTOR('',#5531,4.0);
#4803=CARTESIAN_POINT('',(6.025,3.5,5.9));
#4804=CARTESIAN_POINT('',(6.025,3.5,5.9));
#4805=VECTOR('',#5532,0.975);
#4806=CARTESIAN_POINT('',(6.025,3.5,1.9));
#4807=VECTOR('',#5533,4.0);
#4808=CARTESIAN_POINT('',(6.025,3.6,5.9));
#4809=CARTESIAN_POINT('',(6.025,3.6,5.9));
#4810=VECTOR('',#5534,0.1);
#4811=CARTESIAN_POINT('',(6.025,3.6,1.9));
#4812=VECTOR('',#5535,4.0);
#4813=CARTESIAN_POINT('',(0.5,3.6,6.7));
#4814=VECTOR('',#5536,4.8);
#4815=CARTESIAN_POINT('',(7.0,3.6,5.9));
#4816=VECTOR('',#5537,0.975);
#4817=CARTESIAN_POINT('',(0.975,2.05,1.7));
#4818=VECTOR('',#5538,0.975);
#4819=CARTESIAN_POINT('',(7.0,2.05,1.7));
#4820=VECTOR('',#5539,0.975);
#4821=CARTESIAN_POINT('',(0.975,2.05,0.2));
#4822=VECTOR('',#5540,0.975);
#4823=CARTESIAN_POINT('',(7.0,2.05,0.2));
#4824=VECTOR('',#5541,0.975);
#4825=CARTESIAN_POINT('',(5.0,0.5,4.2));
#4826=VECTOR('',#5542,0.5);
#4827=CARTESIAN_POINT('',(2.0,0.5,4.2));
#4828=VECTOR('',#5543,0.5);
#4829=CARTESIAN_POINT('',(2.775,3.1,6.7));
#4830=VECTOR('',#5544,3.7);
#4831=CARTESIAN_POINT('',(2.775,2.054598280889,6.364842920582));
#4832=CARTESIAN_POINT('',(2.775,2.05,6.356380141526));
#4833=VECTOR('',#5545,0.009631345517676);
#4834=AXIS2_PLACEMENT_3D('',#5546,#5547,#5548);
#4835=CARTESIAN_POINT('',(2.775,2.9,3.0));
#4836=VECTOR('',#5549,3.15);
#4837=CARTESIAN_POINT('',(2.775,2.7,6.15));
#4838=VECTOR('',#5550,3.15);
#4839=CARTESIAN_POINT('',(2.775,2.230332378272,6.269357178101));
#4840=AXIS2_PLACEMENT_3D('',#5551,#5552,#5553);
#4841=CARTESIAN_POINT('',(2.775,2.05,5.937469433386));
#4842=VECTOR('',#5554,0.3777158214124);
#4843=CARTESIAN_POINT('',(3.225,2.9,3.0));
#4844=VECTOR('',#5555,3.15);
#4845=CARTESIAN_POINT('',(3.225,2.230332378272,6.269357178101));
#4846=CARTESIAN_POINT('',(3.225,2.05,5.937469433386));
#4847=VECTOR('',#5556,0.3777158214124);
#4848=AXIS2_PLACEMENT_3D('',#5557,#5558,#5559);
#4849=CARTESIAN_POINT('',(3.225,2.7,6.15));
#4850=VECTOR('',#5560,3.15);
#4851=CARTESIAN_POINT('',(3.225,2.054598280889,6.364842920582));
#4852=AXIS2_PLACEMENT_3D('',#5561,#5562,#5563);
#4853=CARTESIAN_POINT('',(3.225,2.05,6.356380141526));
#4854=VECTOR('',#5564,0.009631345517676);
#4855=CARTESIAN_POINT('',(3.225,3.1,6.7));
#4856=VECTOR('',#5565,3.7);
#4857=CARTESIAN_POINT('',(2.775,2.230332378272,6.269357178101));
#4858=VECTOR('',#5566,0.45);
#4859=CARTESIAN_POINT('',(3.225,1.252645300474,4.47));
#4860=CARTESIAN_POINT('',(3.225,1.252645300474,4.47));
#4861=VECTOR('',#5567,1.670102109087);
#4862=CARTESIAN_POINT('',(2.775,1.252645300474,4.47));
#4863=CARTESIAN_POINT('',(2.775,1.252645300474,4.47));
#4864=VECTOR('',#5568,0.45);
#4865=CARTESIAN_POINT('',(2.775,1.252645300474,4.47));
#4866=VECTOR('',#5569,1.670102109087);
#4867=CARTESIAN_POINT('',(2.775,1.182351661521,4.508194296992));
#4868=CARTESIAN_POINT('',(2.775,1.182351661521,4.508194296992));
#4869=VECTOR('',#5570,0.08);
#4870=CARTESIAN_POINT('',(2.775,1.158612559402,4.648938078196));
#4871=CARTESIAN_POINT('',(2.775,1.158612559402,4.648938078196));
#4872=VECTOR('',#5571,0.1427317656199);
#4873=CARTESIAN_POINT('',(2.775,1.174722769146,4.745500337619));
#4874=AXIS2_PLACEMENT_3D('',#5572,#5573,#5574);
#4875=CARTESIAN_POINT('',(2.775,2.05,6.356380141526));
#4876=VECTOR('',#5575,1.833315022981);
#4877=CARTESIAN_POINT('',(2.775,2.0,0.37));
#4878=CARTESIAN_POINT('',(2.775,2.0,0.37));
#4879=VECTOR('',#5576,1.53);
#4880=CARTESIAN_POINT('',(2.775,1.7,0.07));
#4881=AXIS2_PLACEMENT_3D('',#5577,#5578,#5579);
#4882=CARTESIAN_POINT('',(2.775,-0.4,0.07119823991282));
#4883=CARTESIAN_POINT('',(2.775,-0.4,0.07119823991282));
#4884=VECTOR('',#5580,2.100000341852);
#4885=CARTESIAN_POINT('',(2.775,-1.3,0.5091661123397));
#4886=CARTESIAN_POINT('',(2.775,-1.3,0.5091661123397));
#4887=VECTOR('',#5581,1.000907516846);
#4888=CARTESIAN_POINT('',(2.775,-3.0,0.07119823991282));
#4889=CARTESIAN_POINT('',(2.775,-3.0,0.07119823991282));
#4890=VECTOR('',#5582,1.755510141605);
#4891=CARTESIAN_POINT('',(2.775,-3.2,0.07119823991282));
#4892=CARTESIAN_POINT('',(2.775,-3.2,0.07119823991282));
#4893=VECTOR('',#5583,0.2);
#4894=CARTESIAN_POINT('',(2.775,-3.2,0.27));
#4895=CARTESIAN_POINT('',(2.775,-3.2,0.27));
#4896=VECTOR('',#5584,0.1988017600872);
#4897=CARTESIAN_POINT('',(2.775,-3.03,0.27));
#4898=CARTESIAN_POINT('',(2.775,-3.03,0.27));
#4899=VECTOR('',#5585,0.17);
#4900=CARTESIAN_POINT('',(2.775,-1.278645491731,0.7211982399128));
#4901=CARTESIAN_POINT('',(2.775,-1.278645491731,0.7211982399128));
#4902=VECTOR('',#5586,1.808541529889);
#4903=CARTESIAN_POINT('',(2.775,-0.3514578108826,0.27));
#4904=CARTESIAN_POINT('',(2.775,-0.3514578108826,0.27));
#4905=VECTOR('',#5587,1.031143465875);
#4906=CARTESIAN_POINT('',(2.775,1.7,0.27));
#4907=CARTESIAN_POINT('',(2.775,1.7,0.27));
#4908=VECTOR('',#5588,2.051457810883);
#4909=CARTESIAN_POINT('',(2.775,1.8,0.37));
#4910=AXIS2_PLACEMENT_3D('',#5589,#5590,#5591);
#4911=CARTESIAN_POINT('',(2.775,1.8,1.9));
#4912=VECTOR('',#5592,1.53);
#4913=CARTESIAN_POINT('',(3.225,1.174722769146,4.745500337619));
#4914=CARTESIAN_POINT('',(2.775,1.174722769146,4.745500337619));
#4915=VECTOR('',#5593,0.45);
#4916=CARTESIAN_POINT('',(3.225,2.05,6.356380141526));
#4917=VECTOR('',#5594,1.833315022981);
#4918=CARTESIAN_POINT('',(2.775,2.054598280889,6.364842920582));
#4919=VECTOR('',#5595,0.45);
#4920=CARTESIAN_POINT('',(3.225,1.158612559402,4.648938078196));
#4921=AXIS2_PLACEMENT_3D('',#5596,#5597,#5598);
#4922=CARTESIAN_POINT('',(3.225,1.182351661521,4.508194296992));
#4923=CARTESIAN_POINT('',(3.225,1.158612559402,4.648938078196));
#4924=VECTOR('',#5599,0.1427317656199);
#4925=CARTESIAN_POINT('',(3.225,1.182351661521,4.508194296992));
#4926=VECTOR('',#5600,0.08);
#4927=CARTESIAN_POINT('',(3.225,1.8,0.37));
#4928=CARTESIAN_POINT('',(3.225,1.8,1.9));
#4929=VECTOR('',#5601,1.53);
#4930=CARTESIAN_POINT('',(3.225,1.7,0.27));
#4931=AXIS2_PLACEMENT_3D('',#5602,#5603,#5604);
#4932=CARTESIAN_POINT('',(3.225,-0.3514578108826,0.27));
#4933=CARTESIAN_POINT('',(3.225,1.7,0.27));
#4934=VECTOR('',#5605,2.051457810883);
#4935=CARTESIAN_POINT('',(3.225,-1.278645491731,0.7211982399128));
#4936=CARTESIAN_POINT('',(3.225,-0.3514578108826,0.27));
#4937=VECTOR('',#5606,1.031143465875);
#4938=CARTESIAN_POINT('',(3.225,-3.03,0.27));
#4939=CARTESIAN_POINT('',(3.225,-1.278645491731,0.7211982399128));
#4940=VECTOR('',#5607,1.808541529889);
#4941=CARTESIAN_POINT('',(3.225,-3.2,0.27));
#4942=CARTESIAN_POINT('',(3.225,-3.03,0.27));
#4943=VECTOR('',#5608,0.17);
#4944=CARTESIAN_POINT('',(3.225,-3.2,0.07119823991282));
#4945=CARTESIAN_POINT('',(3.225,-3.2,0.27));
#4946=VECTOR('',#5609,0.1988017600872);
#4947=CARTESIAN_POINT('',(3.225,-3.0,0.07119823991282));
#4948=CARTESIAN_POINT('',(3.225,-3.2,0.07119823991282));
#4949=VECTOR('',#5610,0.2);
#4950=CARTESIAN_POINT('',(3.225,-1.3,0.5091661123397));
#4951=CARTESIAN_POINT('',(3.225,-3.0,0.07119823991282));
#4952=VECTOR('',#5611,1.755510141605);
#4953=CARTESIAN_POINT('',(3.225,-0.4,0.07119823991282));
#4954=CARTESIAN_POINT('',(3.225,-1.3,0.5091661123397));
#4955=VECTOR('',#5612,1.000907516846);
#4956=CARTESIAN_POINT('',(3.225,1.7,0.07));
#4957=CARTESIAN_POINT('',(3.225,-0.4,0.07119823991282));
#4958=VECTOR('',#5613,2.100000341852);
#4959=CARTESIAN_POINT('',(3.225,2.0,0.37));
#4960=AXIS2_PLACEMENT_3D('',#5614,#5615,#5616);
#4961=CARTESIAN_POINT('',(3.225,2.0,0.37));
#4962=VECTOR('',#5617,1.53);
#4963=CARTESIAN_POINT('',(2.775,1.182351661521,4.508194296992));
#4964=VECTOR('',#5618,0.45);
#4965=CARTESIAN_POINT('',(2.775,1.158612559402,4.648938078196));
#4966=VECTOR('',#5619,0.45);
#4967=CARTESIAN_POINT('',(2.775,2.0,0.37));
#4968=VECTOR('',#5620,0.45);
#4969=CARTESIAN_POINT('',(2.775,1.7,0.07));
#4970=VECTOR('',#5621,0.45);
#4971=CARTESIAN_POINT('',(2.775,-0.4,0.07119823991282));
#4972=VECTOR('',#5622,0.45);
#4973=CARTESIAN_POINT('',(2.775,-1.3,0.5091661123397));
#4974=VECTOR('',#5623,0.45);
#4975=CARTESIAN_POINT('',(2.775,-3.0,0.07119823991282));
#4976=VECTOR('',#5624,0.45);
#4977=CARTESIAN_POINT('',(2.775,-3.2,0.07119823991282));
#4978=VECTOR('',#5625,0.45);
#4979=CARTESIAN_POINT('',(2.775,-3.2,0.27));
#4980=VECTOR('',#5626,0.45);
#4981=CARTESIAN_POINT('',(2.775,-3.03,0.27));
#4982=VECTOR('',#5627,0.45);
#4983=CARTESIAN_POINT('',(2.775,-1.278645491731,0.7211982399128));
#4984=VECTOR('',#5628,0.45);
#4985=CARTESIAN_POINT('',(2.775,-0.3514578108826,0.27));
#4986=VECTOR('',#5629,0.45);
#4987=CARTESIAN_POINT('',(2.775,1.7,0.27));
#4988=VECTOR('',#5630,0.45);
#4989=CARTESIAN_POINT('',(2.775,1.8,0.37));
#4990=VECTOR('',#5631,0.45);
#4991=CARTESIAN_POINT('',(3.775,3.1,6.7));
#4992=VECTOR('',#5632,3.7);
#4993=CARTESIAN_POINT('',(3.775,2.054598280889,6.364842920582));
#4994=CARTESIAN_POINT('',(3.775,2.05,6.356380141526));
#4995=VECTOR('',#5633,0.009631345517642);
#4996=AXIS2_PLACEMENT_3D('',#5634,#5635,#5636);
#4997=CARTESIAN_POINT('',(3.775,2.9,3.0));
#4998=VECTOR('',#5637,3.15);
#4999=CARTESIAN_POINT('',(3.775,2.7,6.15));
#5000=VECTOR('',#5638,3.15);
#5001=CARTESIAN_POINT('',(3.775,2.230332378272,6.269357178101));
#5002=AXIS2_PLACEMENT_3D('',#5639,#5640,#5641);
#5003=CARTESIAN_POINT('',(3.775,2.05,5.937469433386));
#5004=VECTOR('',#5642,0.3777158214124);
#5005=CARTESIAN_POINT('',(4.225,2.9,3.0));
#5006=VECTOR('',#5643,3.15);
#5007=CARTESIAN_POINT('',(4.225,2.230332378272,6.269357178101));
#5008=CARTESIAN_POINT('',(4.225,2.05,5.937469433386));
#5009=VECTOR('',#5644,0.3777158214124);
#5010=AXIS2_PLACEMENT_3D('',#5645,#5646,#5647);
#5011=CARTESIAN_POINT('',(4.225,2.7,6.15));
#5012=VECTOR('',#5648,3.15);
#5013=CARTESIAN_POINT('',(4.225,2.054598280889,6.364842920582));
#5014=AXIS2_PLACEMENT_3D('',#5649,#5650,#5651);
#5015=CARTESIAN_POINT('',(4.225,2.05,6.356380141526));
#5016=VECTOR('',#5652,0.009631345517643);
#5017=CARTESIAN_POINT('',(4.225,3.1,6.7));
#5018=VECTOR('',#5653,3.7);
#5019=CARTESIAN_POINT('',(3.775,2.230332378272,6.269357178101));
#5020=VECTOR('',#5654,0.45);
#5021=CARTESIAN_POINT('',(4.225,1.252645300474,4.47));
#5022=CARTESIAN_POINT('',(4.225,1.252645300474,4.47));
#5023=VECTOR('',#5655,1.670102109087);
#5024=CARTESIAN_POINT('',(3.775,1.252645300474,4.47));
#5025=VECTOR('',#5656,0.45);
#5026=CARTESIAN_POINT('',(4.225,1.182351661521,4.508194296992));
#5027=CARTESIAN_POINT('',(4.225,1.182351661521,4.508194296992));
#5028=VECTOR('',#5657,0.08);
#5029=CARTESIAN_POINT('',(3.775,1.182351661521,4.508194296992));
#5030=VECTOR('',#5658,0.45);
#5031=CARTESIAN_POINT('',(4.225,1.158612559402,4.648938078196));
#5032=CARTESIAN_POINT('',(4.225,1.158612559402,4.648938078196));
#5033=VECTOR('',#5659,0.1427317656199);
#5034=CARTESIAN_POINT('',(3.775,1.158612559402,4.648938078196));
#5035=VECTOR('',#5660,0.45);
#5036=CARTESIAN_POINT('',(4.225,1.174722769146,4.745500337619));
#5037=AXIS2_PLACEMENT_3D('',#5661,#5662,#5663);
#5038=CARTESIAN_POINT('',(3.775,1.174722769146,4.745500337619));
#5039=VECTOR('',#5664,0.45);
#5040=CARTESIAN_POINT('',(4.225,2.05,6.356380141526));
#5041=VECTOR('',#5665,1.833315022981);
#5042=CARTESIAN_POINT('',(3.775,2.054598280889,6.364842920582));
#5043=VECTOR('',#5666,0.45);
#5044=CARTESIAN_POINT('',(4.225,-0.4,2.27));
#5045=CARTESIAN_POINT('',(4.225,0.5,2.27));
#5046=VECTOR('',#5667,0.9);
#5047=CARTESIAN_POINT('',(4.225,-1.3,1.82));
#5048=CARTESIAN_POINT('',(4.225,-0.4,2.27));
#5049=VECTOR('',#5668,1.006230589875);
#5050=CARTESIAN_POINT('',(4.225,-3.0,2.27));
#5051=CARTESIAN_POINT('',(4.225,-1.3,1.82));
#5052=VECTOR('',#5669,1.758550539507);
#5053=CARTESIAN_POINT('',(4.225,-3.2,2.27));
#5054=CARTESIAN_POINT('',(4.225,-3.0,2.27));
#5055=VECTOR('',#5670,0.2);
#5056=CARTESIAN_POINT('',(4.225,-3.2,2.07));
#5057=CARTESIAN_POINT('',(4.225,-3.2,2.27));
#5058=VECTOR('',#5671,0.2);
#5059=CARTESIAN_POINT('',(4.225,-3.0,2.07));
#5060=CARTESIAN_POINT('',(4.225,-3.2,2.07));
#5061=VECTOR('',#5672,0.2);
#5062=CARTESIAN_POINT('',(4.225,-1.3,1.62));
#5063=CARTESIAN_POINT('',(4.225,-3.0,2.07));
#5064=VECTOR('',#5673,1.758550539507);
#5065=CARTESIAN_POINT('',(4.225,-0.4,2.07));
#5066=CARTESIAN_POINT('',(4.225,-1.3,1.62));
#5067=VECTOR('',#5674,1.006230589875);
#5068=CARTESIAN_POINT('',(4.225,-0.4,2.07));
#5069=VECTOR('',#5675,0.9);
#5070=CARTESIAN_POINT('',(3.775,-0.4,2.07));
#5071=VECTOR('',#5676,0.45);
#5072=CARTESIAN_POINT('',(3.775,-1.3,1.62));
#5073=VECTOR('',#5677,0.45);
#5074=CARTESIAN_POINT('',(3.775,-3.0,2.07));
#5075=VECTOR('',#5678,0.45);
#5076=CARTESIAN_POINT('',(3.775,-3.2,2.07));
#5077=VECTOR('',#5679,0.45);
#5078=CARTESIAN_POINT('',(3.775,-3.2,2.27));
#5079=VECTOR('',#5680,0.45);
#5080=CARTESIAN_POINT('',(3.775,-3.0,2.27));
#5081=VECTOR('',#5681,0.45);
#5082=CARTESIAN_POINT('',(3.775,-1.3,1.82));
#5083=VECTOR('',#5682,0.45);
#5084=CARTESIAN_POINT('',(3.775,-0.4,2.27));
#5085=VECTOR('',#5683,0.45);
#5086=DIRECTION('',(-1.0,0.0,-0.0));
#5087=CARTESIAN_POINT('',(5.225,2.45,6.15));
#5088=DIRECTION('',(1.0,0.0,0.0));
#5089=DIRECTION('',(0.0,1.0,-6.513308411134E-14));
#5090=DIRECTION('',(1.0,0.0,0.0));
#5091=CARTESIAN_POINT('',(4.775,2.45,6.15));
#5092=DIRECTION('',(1.0,0.0,0.0));
#5093=DIRECTION('',(0.0,1.0,-6.513308411134E-14));
#5094=DIRECTION('',(-1.0,0.0,-0.0));
#5095=CARTESIAN_POINT('',(4.225,2.45,6.15));
#5096=DIRECTION('',(1.0,0.0,0.0));
#5097=DIRECTION('',(0.0,1.0,0.0));
#5098=DIRECTION('',(1.0,0.0,0.0));
#5099=CARTESIAN_POINT('',(3.775,2.45,6.15));
#5100=DIRECTION('',(1.0,0.0,0.0));
#5101=DIRECTION('',(0.0,1.0,0.0));
#5102=DIRECTION('',(1.0,0.0,0.0));
#5103=CARTESIAN_POINT('',(3.775,2.45,6.15));
#5104=DIRECTION('',(1.0,0.0,0.0));
#5105=DIRECTION('',(0.0,1.0,-6.750155989721E-14));
#5106=DIRECTION('',(1.0,0.0,0.0));
#5107=CARTESIAN_POINT('',(4.225,2.45,6.15));
#5108=DIRECTION('',(1.0,0.0,0.0));
#5109=DIRECTION('',(0.0,1.0,-6.750155989721E-14));
#5110=DIRECTION('',(-1.0,0.0,-0.0));
#5111=CARTESIAN_POINT('',(3.225,2.45,6.15));
#5112=DIRECTION('',(1.0,0.0,0.0));
#5113=DIRECTION('',(0.0,1.0,-6.513308411134E-14));
#5114=DIRECTION('',(1.0,0.0,0.0));
#5115=CARTESIAN_POINT('',(2.775,2.45,6.15));
#5116=DIRECTION('',(1.0,0.0,0.0));
#5117=DIRECTION('',(0.0,1.0,-6.513308411134E-14));
#5118=DIRECTION('',(1.0,0.0,0.0));
#5119=CARTESIAN_POINT('',(2.775,2.45,6.15));
#5120=DIRECTION('',(1.0,0.0,0.0));
#5121=DIRECTION('',(0.0,1.0,-8.171241461241E-14));
#5122=DIRECTION('',(1.0,0.0,0.0));
#5123=CARTESIAN_POINT('',(3.225,2.45,6.15));
#5124=DIRECTION('',(1.0,0.0,0.0));
#5125=DIRECTION('',(0.0,1.0,-8.171241461241E-14));
#5126=DIRECTION('',(1.0,0.0,0.0));
#5127=CARTESIAN_POINT('',(4.775,2.45,6.15));
#5128=DIRECTION('',(1.0,0.0,0.0));
#5129=DIRECTION('',(0.0,1.0,-8.171241461241E-14));
#5130=DIRECTION('',(1.0,0.0,0.0));
#5131=CARTESIAN_POINT('',(5.225,2.45,6.15));
#5132=DIRECTION('',(1.0,0.0,0.0));
#5133=DIRECTION('',(0.0,1.0,-8.171241461241E-14));
#5134=DIRECTION('',(-1.0,0.0,-0.0));
#5135=CARTESIAN_POINT('',(2.225,2.45,6.15));
#5136=DIRECTION('',(1.0,0.0,0.0));
#5137=DIRECTION('',(0.0,1.0,0.0));
#5138=DIRECTION('',(1.0,0.0,0.0));
#5139=CARTESIAN_POINT('',(1.775,2.45,6.15));
#5140=DIRECTION('',(1.0,0.0,0.0));
#5141=DIRECTION('',(0.0,1.0,0.0));
#5142=DIRECTION('',(1.0,0.0,0.0));
#5143=CARTESIAN_POINT('',(1.775,2.45,6.15));
#5144=DIRECTION('',(1.0,0.0,0.0));
#5145=DIRECTION('',(0.0,1.0,-6.750155989721E-14));
#5146=DIRECTION('',(1.0,0.0,0.0));
#5147=CARTESIAN_POINT('',(2.225,2.45,6.15));
#5148=DIRECTION('',(1.0,0.0,0.0));
#5149=DIRECTION('',(0.0,1.0,-6.750155989721E-14));
#5150=DIRECTION('',(1.0,0.0,0.0));
#5151=DIRECTION('',(0.0,-1.0,0.0));
#5152=DIRECTION('',(1.0,0.0,0.0));
#5153=DIRECTION('',(0.0,-1.0,0.0));
#5154=DIRECTION('',(1.0,0.0,0.0));
#5155=DIRECTION('',(0.0,1.0,0.0));
#5156=DIRECTION('',(1.0,0.0,0.0));
#5157=DIRECTION('',(0.0,1.0,0.0));
#5158=DIRECTION('',(0.0,0.0,1.0));
#5159=DIRECTION('',(0.0,1.0,0.0));
#5160=DIRECTION('',(0.0,0.0,1.0));
#5161=DIRECTION('',(0.0,1.0,0.0));
#5162=DIRECTION('',(0.0,-1.0,0.0));
#5163=DIRECTION('',(0.0,0.0,1.0));
#5164=DIRECTION('',(0.0,1.0,0.0));
#5165=DIRECTION('',(0.0,0.0,1.0));
#5166=DIRECTION('',(0.0,-0.707106781186548,-0.707106781186548));
#5167=DIRECTION('',(0.0,0.0,-1.0));
#5168=DIRECTION('',(0.0,-0.707106781186548,-0.707106781186548));
#5169=DIRECTION('',(0.0,0.0,-1.0));
#5170=CARTESIAN_POINT('',(0.975,2.35,6.4));
#5171=DIRECTION('',(1.0,0.0,0.0));
#5172=DIRECTION('',(0.0,-0.866025403784429,0.500000000000017));
#5173=DIRECTION('',(0.0,1.0,0.0));
#5174=DIRECTION('',(0.0,0.0,-1.0));
#5175=DIRECTION('',(0.0,-1.0,0.0));
#5176=DIRECTION('',(-1.0,0.0,0.0));
#5177=DIRECTION('',(0.0,-1.0,0.0));
#5178=DIRECTION('',(1.0,0.0,0.0));
#5179=DIRECTION('',(-1.0,0.0,0.0));
#5180=DIRECTION('',(0.0,0.0,-1.0));
#5181=DIRECTION('',(-1.0,0.0,0.0));
#5182=DIRECTION('',(0.0,0.0,1.0));
#5183=DIRECTION('',(1.0,0.0,0.0));
#5184=DIRECTION('',(0.0,0.0,1.0));
#5185=DIRECTION('',(1.0,0.0,0.0));
#5186=DIRECTION('',(-1.0,0.0,0.0));
#5187=DIRECTION('',(0.0,0.0,-1.0));
#5188=DIRECTION('',(1.0,0.0,0.0));
#5189=DIRECTION('',(0.0,0.0,-1.0));
#5190=DIRECTION('',(1.0,0.0,0.0));
#5191=DIRECTION('',(0.0,0.0,-1.0));
#5192=DIRECTION('',(1.0,0.0,0.0));
#5193=DIRECTION('',(0.0,0.0,-1.0));
#5194=DIRECTION('',(1.0,0.0,0.0));
#5195=DIRECTION('',(0.0,0.0,-1.0));
#5196=DIRECTION('',(0.0,0.477428712404584,0.878670486912871));
#5197=DIRECTION('',(0.0,0.878670486912871,-0.477428712404584));
#5198=DIRECTION('',(0.0,0.166319683750295,-0.986071885207768));
#5199=CARTESIAN_POINT('',(3.775,1.306523342183,4.673886030759));
#5200=DIRECTION('',(1.0,0.0,0.0));
#5201=DIRECTION('',(0.0,-0.878670486912848,0.477428712404626));
#5202=DIRECTION('',(0.0,-0.477428712404584,-0.878670486912871));
#5203=DIRECTION('',(0.0,0.0,1.0));
#5204=DIRECTION('',(0.0,1.0,0.0));
#5205=DIRECTION('',(0.0,0.894427190999896,0.447213595499998));
#5206=DIRECTION('',(0.0,0.966705227861507,-0.255892560316302));
#5207=DIRECTION('',(0.0,1.0,0.0));
#5208=DIRECTION('',(0.0,0.0,-1.0));
#5209=DIRECTION('',(0.0,-1.0,0.0));
#5210=DIRECTION('',(0.0,-0.966705227861507,0.255892560316302));
#5211=DIRECTION('',(0.0,-0.894427190999896,-0.447213595499998));
#5212=DIRECTION('',(0.0,-1.0,0.0));
#5213=DIRECTION('',(0.0,0.0,-1.0));
#5214=DIRECTION('',(1.0,0.0,0.0));
#5215=DIRECTION('',(0.0,0.0,1.0));
#5216=DIRECTION('',(0.0,0.0,1.0));
#5217=DIRECTION('',(0.0,0.0,1.0));
#5218=DIRECTION('',(-1.0,0.0,0.0));
#5219=DIRECTION('',(0.0,0.0,1.0));
#5220=DIRECTION('',(0.0,0.0,1.0));
#5221=DIRECTION('',(-2.036179049594E-14,-1.018089524797E-14,1.0));
#5222=DIRECTION('',(1.0,0.0,0.0));
#5223=DIRECTION('',(0.0,1.018089524797E-14,-1.0));
#5224=DIRECTION('',(0.0,0.0,1.0));
#5225=DIRECTION('',(0.0,0.0,-1.0));
#5226=DIRECTION('',(-1.0,0.0,0.0));
#5227=DIRECTION('',(0.0,0.0,1.0));
#5228=DIRECTION('',(-1.018089524797E-14,-1.018089524797E-14,1.0));
#5229=DIRECTION('',(1.0,0.0,0.0));
#5230=DIRECTION('',(-2.036179049594E-14,1.018089524797E-14,-1.0));
#5231=DIRECTION('',(0.0,0.0,1.0));
#5232=DIRECTION('',(0.0,0.0,-1.0));
#5233=DIRECTION('',(-1.0,0.0,0.0));
#5234=DIRECTION('',(0.0,0.0,1.0));
#5235=DIRECTION('',(0.0,0.0,1.0));
#5236=DIRECTION('',(-1.018089524797E-14,-1.018089524797E-14,1.0));
#5237=DIRECTION('',(1.0,0.0,0.0));
#5238=DIRECTION('',(-2.036179049593E-14,1.018089524796E-14,-1.0));
#5239=DIRECTION('',(0.0,0.0,1.0));
#5240=DIRECTION('',(0.0,0.0,-1.0));
#5241=DIRECTION('',(-1.0,0.0,0.0));
#5242=DIRECTION('',(0.0,0.0,1.0));
#5243=DIRECTION('',(0.0,0.0,1.0));
#5244=DIRECTION('',(-1.527134287195E-14,-1.018089524796E-14,1.0));
#5245=DIRECTION('',(1.0,0.0,0.0));
#5246=DIRECTION('',(-1.0,0.0,0.0));
#5247=DIRECTION('',(1.0,0.0,0.0));
#5248=DIRECTION('',(0.0,-1.0,0.0));
#5249=DIRECTION('',(0.0,1.0,0.0));
#5250=DIRECTION('',(1.0,0.0,0.0));
#5251=DIRECTION('',(0.0,-1.0,0.0));
#5252=DIRECTION('',(0.0,1.0,0.0));
#5253=DIRECTION('',(1.0,0.0,0.0));
#5254=DIRECTION('',(0.0,-1.0,0.0));
#5255=DIRECTION('',(0.0,1.0,0.0));
#5256=DIRECTION('',(1.0,0.0,0.0));
#5257=DIRECTION('',(0.0,-1.0,0.0));
#5258=DIRECTION('',(0.0,1.0,0.0));
#5259=DIRECTION('',(1.0,0.0,0.0));
#5260=DIRECTION('',(0.0,-1.0,0.0));
#5261=DIRECTION('',(1.0,0.0,0.0));
#5262=DIRECTION('',(0.0,1.0,0.0));
#5263=DIRECTION('',(-1.0,0.0,0.0));
#5264=DIRECTION('',(0.0,-1.0,0.0));
#5265=DIRECTION('',(1.0,0.0,0.0));
#5266=DIRECTION('',(0.0,1.0,0.0));
#5267=DIRECTION('',(-1.0,0.0,0.0));
#5268=DIRECTION('',(0.0,-1.0,0.0));
#5269=DIRECTION('',(1.0,0.0,0.0));
#5270=DIRECTION('',(0.0,1.0,0.0));
#5271=DIRECTION('',(-1.0,0.0,0.0));
#5272=DIRECTION('',(0.0,-1.0,0.0));
#5273=DIRECTION('',(1.0,0.0,0.0));
#5274=DIRECTION('',(0.0,1.0,0.0));
#5275=DIRECTION('',(-1.0,0.0,0.0));
#5276=DIRECTION('',(0.0,-1.0,0.0));
#5277=DIRECTION('',(0.0,0.0,-1.0));
#5278=DIRECTION('',(0.0,-1.0,0.0));
#5279=CARTESIAN_POINT('',(1.775,2.35,6.4));
#5280=DIRECTION('',(1.0,0.0,-0.0));
#5281=DIRECTION('',(0.0,1.036208156317E-14,1.0));
#5282=DIRECTION('',(-1.15271850915496E-13,0.477428712404584,0.878670486912871));
#5283=CARTESIAN_POINT('',(1.775,2.45,6.15));
#5284=DIRECTION('',(1.0,0.0,0.0));
#5285=DIRECTION('',(0.0,1.0,0.0));
#5286=DIRECTION('',(0.0,0.0,1.0));
#5287=CARTESIAN_POINT('',(1.775,2.45,6.15));
#5288=DIRECTION('',(1.0,0.0,0.0));
#5289=DIRECTION('',(0.0,1.0,-6.750155989721E-14));
#5290=DIRECTION('',(0.0,0.477428712404584,0.878670486912871));
#5291=DIRECTION('',(0.0,0.0,1.0));
#5292=DIRECTION('',(0.0,0.0,1.0));
#5293=DIRECTION('',(0.0,0.477428712404584,0.878670486912871));
#5294=CARTESIAN_POINT('',(2.225,2.45,6.15));
#5295=DIRECTION('',(1.0,0.0,0.0));
#5296=DIRECTION('',(0.0,1.0,-6.750155989721E-14));
#5297=DIRECTION('',(0.0,0.0,-1.0));
#5298=CARTESIAN_POINT('',(2.225,2.45,6.15));
#5299=DIRECTION('',(1.0,0.0,0.0));
#5300=DIRECTION('',(0.0,1.0,0.0));
#5301=DIRECTION('',(9.22174807323669E-14,0.477428712404584,0.878670486912871));
#5302=CARTESIAN_POINT('',(2.225,2.35,6.4));
#5303=DIRECTION('',(1.0,0.0,-0.0));
#5304=DIRECTION('',(0.0,1.036208156317E-14,1.0));
#5305=DIRECTION('',(0.0,1.0,0.0));
#5306=DIRECTION('',(0.0,0.0,-1.0));
#5307=DIRECTION('',(1.0,0.0,0.0));
#5308=DIRECTION('',(0.0,0.477428712404584,0.878670486912871));
#5309=DIRECTION('',(1.0,0.0,0.0));
#5310=DIRECTION('',(0.0,0.477428712404584,0.878670486912871));
#5311=DIRECTION('',(0.0,0.878670486912871,-0.477428712404584));
#5312=DIRECTION('',(0.0,0.166319683750295,-0.986071885207768));
#5313=CARTESIAN_POINT('',(1.775,1.306523342183,4.673886030759));
#5314=DIRECTION('',(1.0,0.0,0.0));
#5315=DIRECTION('',(0.0,-0.878670486912848,0.477428712404626));
#5316=DIRECTION('',(0.0,-0.477428712404584,-0.878670486912871));
#5317=DIRECTION('',(0.0,1.0,0.0));
#5318=DIRECTION('',(0.0,0.894427190999896,0.447213595499998));
#5319=DIRECTION('',(0.0,0.966705227861507,-0.255892560316302));
#5320=DIRECTION('',(0.0,1.0,0.0));
#5321=DIRECTION('',(0.0,0.0,-1.0));
#5322=DIRECTION('',(0.0,-1.0,0.0));
#5323=DIRECTION('',(0.0,-0.966705227861507,0.255892560316302));
#5324=DIRECTION('',(0.0,-0.894427190999896,-0.447213595499998));
#5325=DIRECTION('',(0.0,-1.0,0.0));
#5326=DIRECTION('',(1.0,0.0,0.0));
#5327=DIRECTION('',(0.0,-0.477428712404584,-0.878670486912871));
#5328=DIRECTION('',(1.0,0.0,0.0));
#5329=CARTESIAN_POINT('',(2.225,1.306523342183,4.673886030759));
#5330=DIRECTION('',(1.0,0.0,0.0));
#5331=DIRECTION('',(0.0,-0.878670486912848,0.477428712404626));
#5332=DIRECTION('',(0.0,0.166319683750295,-0.986071885207768));
#5333=DIRECTION('',(0.0,0.878670486912871,-0.477428712404584));
#5334=DIRECTION('',(0.0,-1.0,0.0));
#5335=DIRECTION('',(0.0,-0.894427190999896,-0.447213595499998));
#5336=DIRECTION('',(0.0,-0.966705227861507,0.255892560316302));
#5337=DIRECTION('',(0.0,-1.0,0.0));
#5338=DIRECTION('',(0.0,0.0,-1.0));
#5339=DIRECTION('',(0.0,1.0,0.0));
#5340=DIRECTION('',(0.0,0.966705227861507,-0.255892560316302));
#5341=DIRECTION('',(0.0,0.894427190999896,0.447213595499998));
#5342=DIRECTION('',(0.0,1.0,0.0));
#5343=DIRECTION('',(1.0,0.0,0.0));
#5344=DIRECTION('',(1.0,0.0,0.0));
#5345=DIRECTION('',(1.0,0.0,0.0));
#5346=DIRECTION('',(1.0,0.0,0.0));
#5347=DIRECTION('',(1.0,0.0,0.0));
#5348=DIRECTION('',(1.0,0.0,0.0));
#5349=DIRECTION('',(1.0,0.0,0.0));
#5350=DIRECTION('',(1.0,0.0,0.0));
#5351=DIRECTION('',(1.0,0.0,0.0));
#5352=DIRECTION('',(1.0,0.0,0.0));
#5353=DIRECTION('',(-1.0,0.0,0.0));
#5354=DIRECTION('',(1.0,0.0,0.0));
#5355=DIRECTION('',(0.0,-1.0,0.0));
#5356=DIRECTION('',(1.0,0.0,0.0));
#5357=DIRECTION('',(0.0,1.0,0.0));
#5358=DIRECTION('',(-1.0,0.0,0.0));
#5359=DIRECTION('',(-0.707106781186548,-0.707106781186548,0.0));
#5360=DIRECTION('',(0.0,-1.0,0.0));
#5361=DIRECTION('',(-1.0,0.0,0.0));
#5362=DIRECTION('',(0.0,1.0,0.0));
#5363=DIRECTION('',(1.0,0.0,0.0));
#5364=DIRECTION('',(0.0,-1.0,0.0));
#5365=DIRECTION('',(-1.0,0.0,0.0));
#5366=DIRECTION('',(0.0,1.0,0.0));
#5367=DIRECTION('',(1.0,0.0,0.0));
#5368=DIRECTION('',(1.0,0.0,0.0));
#5369=DIRECTION('',(0.0,-1.0,0.0));
#5370=DIRECTION('',(-1.0,0.0,0.0));
#5371=DIRECTION('',(0.0,1.0,0.0));
#5372=DIRECTION('',(1.0,0.0,0.0));
#5373=DIRECTION('',(0.0,-1.0,0.0));
#5374=DIRECTION('',(-1.0,0.0,0.0));
#5375=DIRECTION('',(0.0,1.0,0.0));
#5376=DIRECTION('',(1.0,0.0,0.0));
#5377=DIRECTION('',(0.0,-1.0,0.0));
#5378=DIRECTION('',(0.0,-0.707106781186548,-0.707106781186548));
#5379=DIRECTION('',(0.0,0.0,-1.0));
#5380=DIRECTION('',(0.0,-0.707106781186548,-0.707106781186548));
#5381=DIRECTION('',(0.0,0.0,1.0));
#5382=DIRECTION('',(0.0,0.0,1.0));
#5383=DIRECTION('',(0.0,-1.0,0.0));
#5384=DIRECTION('',(0.0,-1.0,0.0));
#5385=DIRECTION('',(-1.0,0.0,0.0));
#5386=DIRECTION('',(0.0,-1.0,0.0));
#5387=DIRECTION('',(-1.0,0.0,0.0));
#5388=DIRECTION('',(0.0,-1.0,0.0));
#5389=DIRECTION('',(1.0,0.0,0.0));
#5390=DIRECTION('',(-0.707106781186548,-0.707106781186548,0.0));
#5391=DIRECTION('',(1.0,0.0,0.0));
#5392=DIRECTION('',(1.0,0.0,0.0));
#5393=DIRECTION('',(0.0,-1.0,0.0));
#5394=DIRECTION('',(1.0,0.0,0.0));
#5395=DIRECTION('',(0.0,-1.0,0.0));
#5396=DIRECTION('',(1.0,0.0,0.0));
#5397=DIRECTION('',(0.0,-1.0,0.0));
#5398=DIRECTION('',(1.0,0.0,0.0));
#5399=DIRECTION('',(0.0,-1.0,0.0));
#5400=DIRECTION('',(0.0,0.477428712404626,0.878670486912848));
#5401=DIRECTION('',(0.0,0.878670486912848,-0.477428712404626));
#5402=DIRECTION('',(0.0,0.166319683750295,-0.986071885207768));
#5403=CARTESIAN_POINT('',(4.775,1.306523342183,4.673886030759));
#5404=DIRECTION('',(1.0,0.0,0.0));
#5405=DIRECTION('',(0.0,-0.878670486912871,0.477428712404584));
#5406=DIRECTION('',(0.0,-0.477428712404626,-0.878670486912848));
#5407=DIRECTION('',(0.0,0.0,1.0));
#5408=CARTESIAN_POINT('',(4.775,1.7,0.37));
#5409=DIRECTION('',(1.0,0.0,0.0));
#5410=DIRECTION('',(0.0,0.0,-1.0));
#5411=DIRECTION('',(0.0,0.999999837213318,-0.00057059034179111));
#5412=DIRECTION('',(0.0,0.899183975394999,-0.4375707695823));
#5413=DIRECTION('',(0.0,0.968379481103831,0.249481824141708));
#5414=DIRECTION('',(0.0,1.0,0.0));
#5415=DIRECTION('',(0.0,0.0,-1.0));
#5416=DIRECTION('',(0.0,-1.0,0.0));
#5417=DIRECTION('',(0.0,-0.968379481103831,-0.249481824141708));
#5418=DIRECTION('',(0.0,-0.899183975394999,0.4375707695823));
#5419=DIRECTION('',(0.0,-1.0,0.0));
#5420=CARTESIAN_POINT('',(4.775,1.7,0.37));
#5421=DIRECTION('',(-1.0,0.0,0.0));
#5422=DIRECTION('',(0.0,1.0,0.0));
#5423=DIRECTION('',(0.0,0.0,-1.0));
#5424=DIRECTION('',(1.0,0.0,0.0));
#5425=DIRECTION('',(0.0,-0.477428712404626,-0.878670486912848));
#5426=DIRECTION('',(0.0,0.477428712404584,0.878670486912871));
#5427=DIRECTION('',(1.0,0.0,0.0));
#5428=DIRECTION('',(-9.22174807320869E-14,0.477428712404584,0.878670486912871));
#5429=DIRECTION('',(0.0,0.0,-1.0));
#5430=CARTESIAN_POINT('',(4.775,2.35,6.4));
#5431=DIRECTION('',(1.0,0.0,-0.0));
#5432=DIRECTION('',(0.0,1.036208156317E-14,1.0));
#5433=CARTESIAN_POINT('',(4.775,2.45,6.15));
#5434=DIRECTION('',(1.0,0.0,0.0));
#5435=DIRECTION('',(0.0,1.0,-6.513308411134E-14));
#5436=DIRECTION('',(0.0,0.0,1.0));
#5437=DIRECTION('',(0.0,0.0,-1.0));
#5438=CARTESIAN_POINT('',(4.775,2.45,6.15));
#5439=DIRECTION('',(1.0,0.0,0.0));
#5440=DIRECTION('',(0.0,1.0,-8.171241461241E-14));
#5441=DIRECTION('',(0.0,0.477428712404584,0.878670486912871));
#5442=DIRECTION('',(0.0,0.0,1.0));
#5443=DIRECTION('',(0.0,0.477428712404584,0.878670486912871));
#5444=CARTESIAN_POINT('',(5.225,2.45,6.15));
#5445=DIRECTION('',(1.0,0.0,0.0));
#5446=DIRECTION('',(0.0,1.0,-8.171241461241E-14));
#5447=DIRECTION('',(0.0,0.0,-1.0));
#5448=CARTESIAN_POINT('',(5.225,2.45,6.15));
#5449=DIRECTION('',(1.0,0.0,0.0));
#5450=DIRECTION('',(0.0,1.0,-6.513308411134E-14));
#5451=CARTESIAN_POINT('',(5.225,2.35,6.4));
#5452=DIRECTION('',(1.0,0.0,-0.0));
#5453=DIRECTION('',(0.0,1.036208156317E-14,1.0));
#5454=DIRECTION('',(0.0,0.0,-1.0));
#5455=DIRECTION('',(1.0,0.0,0.0));
#5456=DIRECTION('',(0.0,0.477428712404626,0.878670486912848));
#5457=DIRECTION('',(1.0,0.0,0.0));
#5458=DIRECTION('',(0.0,0.878670486912848,-0.477428712404626));
#5459=DIRECTION('',(1.0,0.0,0.0));
#5460=DIRECTION('',(0.0,0.166319683750295,-0.986071885207768));
#5461=DIRECTION('',(1.0,0.0,0.0));
#5462=CARTESIAN_POINT('',(5.225,1.306523342183,4.673886030759));
#5463=DIRECTION('',(1.0,0.0,0.0));
#5464=DIRECTION('',(0.0,-0.878670486912871,0.477428712404584));
#5465=DIRECTION('',(0.0,0.0,-1.0));
#5466=CARTESIAN_POINT('',(5.225,1.7,0.37));
#5467=DIRECTION('',(-1.0,0.0,0.0));
#5468=DIRECTION('',(0.0,1.0,0.0));
#5469=DIRECTION('',(0.0,-1.0,0.0));
#5470=DIRECTION('',(0.0,-0.899183975394999,0.4375707695823));
#5471=DIRECTION('',(0.0,-0.968379481103831,-0.249481824141708));
#5472=DIRECTION('',(0.0,-1.0,0.0));
#5473=DIRECTION('',(0.0,0.0,-1.0));
#5474=DIRECTION('',(0.0,1.0,0.0));
#5475=DIRECTION('',(0.0,0.968379481103831,0.249481824141708));
#5476=DIRECTION('',(0.0,0.899183975394999,-0.4375707695823));
#5477=DIRECTION('',(0.0,0.999999837213318,-0.00057059034179111));
#5478=CARTESIAN_POINT('',(5.225,1.7,0.37));
#5479=DIRECTION('',(1.0,0.0,0.0));
#5480=DIRECTION('',(0.0,0.0,-1.0));
#5481=DIRECTION('',(0.0,0.0,1.0));
#5482=DIRECTION('',(1.0,0.0,0.0));
#5483=DIRECTION('',(1.0,0.0,0.0));
#5484=DIRECTION('',(1.0,0.0,0.0));
#5485=DIRECTION('',(1.0,0.0,0.0));
#5486=DIRECTION('',(1.0,0.0,0.0));
#5487=DIRECTION('',(1.0,0.0,0.0));
#5488=DIRECTION('',(1.0,0.0,0.0));
#5489=DIRECTION('',(1.0,0.0,0.0));
#5490=DIRECTION('',(1.0,0.0,0.0));
#5491=DIRECTION('',(1.0,0.0,0.0));
#5492=DIRECTION('',(1.0,0.0,0.0));
#5493=DIRECTION('',(1.0,0.0,0.0));
#5494=CARTESIAN_POINT('',(2.775,2.35,6.4));
#5495=DIRECTION('',(1.0,0.0,-0.0));
#5496=DIRECTION('',(0.0,1.036208156317E-14,1.0));
#5497=CARTESIAN_POINT('',(3.225,2.35,6.4));
#5498=DIRECTION('',(1.0,0.0,-0.0));
#5499=DIRECTION('',(0.0,1.036208156317E-14,1.0));
#5500=CARTESIAN_POINT('',(3.775,2.35,6.4));
#5501=DIRECTION('',(1.0,0.0,-0.0));
#5502=DIRECTION('',(0.0,1.036208156317E-14,1.0));
#5503=CARTESIAN_POINT('',(4.225,2.35,6.4));
#5504=DIRECTION('',(1.0,0.0,-0.0));
#5505=DIRECTION('',(0.0,1.036208156317E-14,1.0));
#5506=CARTESIAN_POINT('',(6.025,2.35,6.4));
#5507=DIRECTION('',(1.0,0.0,0.0));
#5508=DIRECTION('',(0.0,-0.866025403784429,0.500000000000017));
#5509=DIRECTION('',(-1.0,0.0,0.0));
#5510=DIRECTION('',(0.0,0.0,-1.0));
#5511=DIRECTION('',(0.0,0.0,1.0));
#5512=DIRECTION('',(0.0,-1.0,0.0));
#5513=DIRECTION('',(0.0,-0.707106781186548,-0.707106781186548));
#5514=DIRECTION('',(0.0,0.0,-1.0));
#5515=DIRECTION('',(0.0,-0.707106781186548,-0.707106781186548));
#5516=DIRECTION('',(0.0,0.0,1.0));
#5517=DIRECTION('',(0.0,-1.0,0.0));
#5518=DIRECTION('',(0.0,-1.0,0.0));
#5519=DIRECTION('',(0.0,-1.0,0.0));
#5520=DIRECTION('',(-1.0,0.0,0.0));
#5521=DIRECTION('',(0.0,0.0,-1.0));
#5522=DIRECTION('',(1.0,0.0,0.0));
#5523=DIRECTION('',(0.0,0.0,1.0));
#5524=DIRECTION('',(1.0,0.0,0.0));
#5525=DIRECTION('',(0.0,0.0,1.0));
#5526=DIRECTION('',(0.0,-1.0,0.0));
#5527=DIRECTION('',(0.0,0.0,1.0));
#5528=DIRECTION('',(0.0,-0.707106781186548,-0.707106781186548));
#5529=DIRECTION('',(0.0,0.0,-1.0));
#5530=DIRECTION('',(0.0,-0.707106781186548,-0.707106781186548));
#5531=DIRECTION('',(0.0,0.0,-1.0));
#5532=DIRECTION('',(1.0,0.0,0.0));
#5533=DIRECTION('',(0.0,0.0,1.0));
#5534=DIRECTION('',(0.0,-1.0,0.0));
#5535=DIRECTION('',(0.0,0.0,1.0));
#5536=DIRECTION('',(0.0,0.0,-1.0));
#5537=DIRECTION('',(-1.0,0.0,0.0));
#5538=DIRECTION('',(-1.0,0.0,0.0));
#5539=DIRECTION('',(-1.0,0.0,0.0));
#5540=DIRECTION('',(-1.0,0.0,0.0));
#5541=DIRECTION('',(-1.0,0.0,0.0));
#5542=DIRECTION('',(0.0,-1.0,0.0));
#5543=DIRECTION('',(0.0,-1.0,0.0));
#5544=DIRECTION('',(0.0,0.0,-1.0));
#5545=DIRECTION('',(0.0,0.477428712404507,0.878670486912912));
#5546=CARTESIAN_POINT('',(2.775,2.45,6.15));
#5547=DIRECTION('',(1.0,0.0,0.0));
#5548=DIRECTION('',(0.0,1.0,-6.513308411134E-14));
#5549=DIRECTION('',(0.0,0.0,1.0));
#5550=DIRECTION('',(0.0,0.0,-1.0));
#5551=CARTESIAN_POINT('',(2.775,2.45,6.15));
#5552=DIRECTION('',(1.0,0.0,0.0));
#5553=DIRECTION('',(0.0,1.0,-8.171241461241E-14));
#5554=DIRECTION('',(0.0,0.477428712404584,0.878670486912871));
#5555=DIRECTION('',(0.0,0.0,1.0));
#5556=DIRECTION('',(0.0,0.477428712404584,0.878670486912871));
#5557=CARTESIAN_POINT('',(3.225,2.45,6.15));
#5558=DIRECTION('',(1.0,0.0,0.0));
#5559=DIRECTION('',(0.0,1.0,-8.171241461241E-14));
#5560=DIRECTION('',(0.0,0.0,-1.0));
#5561=CARTESIAN_POINT('',(3.225,2.45,6.15));
#5562=DIRECTION('',(1.0,0.0,0.0));
#5563=DIRECTION('',(0.0,1.0,-6.513308411134E-14));
#5564=DIRECTION('',(9.22174807320613E-14,0.477428712404507,0.878670486912912));
#5565=DIRECTION('',(0.0,0.0,-1.0));
#5566=DIRECTION('',(1.0,0.0,0.0));
#5567=DIRECTION('',(0.0,0.477428712404626,0.878670486912848));
#5568=DIRECTION('',(1.0,0.0,0.0));
#5569=DIRECTION('',(0.0,0.477428712404626,0.878670486912848));
#5570=DIRECTION('',(0.0,0.878670486912848,-0.477428712404626));
#5571=DIRECTION('',(0.0,0.166319683750295,-0.986071885207768));
#5572=CARTESIAN_POINT('',(2.775,1.306523342183,4.673886030759));
#5573=DIRECTION('',(1.0,0.0,0.0));
#5574=DIRECTION('',(0.0,-0.878670486912871,0.477428712404584));
#5575=DIRECTION('',(0.0,-0.477428712404626,-0.878670486912848));
#5576=DIRECTION('',(0.0,0.0,1.0));
#5577=CARTESIAN_POINT('',(2.775,1.7,0.37));
#5578=DIRECTION('',(1.0,0.0,0.0));
#5579=DIRECTION('',(0.0,0.0,-1.0));
#5580=DIRECTION('',(0.0,0.999999837213318,-0.00057059034179111));
#5581=DIRECTION('',(0.0,0.899183975394999,-0.4375707695823));
#5582=DIRECTION('',(0.0,0.968379481103831,0.249481824141708));
#5583=DIRECTION('',(0.0,1.0,0.0));
#5584=DIRECTION('',(0.0,0.0,-1.0));
#5585=DIRECTION('',(0.0,-1.0,0.0));
#5586=DIRECTION('',(0.0,-0.968379481103831,-0.249481824141708));
#5587=DIRECTION('',(0.0,-0.899183975394999,0.4375707695823));
#5588=DIRECTION('',(0.0,-1.0,0.0));
#5589=CARTESIAN_POINT('',(2.775,1.7,0.37));
#5590=DIRECTION('',(-1.0,0.0,0.0));
#5591=DIRECTION('',(0.0,1.0,0.0));
#5592=DIRECTION('',(0.0,0.0,-1.0));
#5593=DIRECTION('',(1.0,0.0,0.0));
#5594=DIRECTION('',(0.0,-0.477428712404626,-0.878670486912848));
#5595=DIRECTION('',(1.0,0.0,0.0));
#5596=CARTESIAN_POINT('',(3.225,1.306523342183,4.673886030759));
#5597=DIRECTION('',(1.0,0.0,0.0));
#5598=DIRECTION('',(0.0,-0.878670486912871,0.477428712404584));
#5599=DIRECTION('',(0.0,0.166319683750295,-0.986071885207768));
#5600=DIRECTION('',(0.0,0.878670486912848,-0.477428712404626));
#5601=DIRECTION('',(0.0,0.0,-1.0));
#5602=CARTESIAN_POINT('',(3.225,1.7,0.37));
#5603=DIRECTION('',(-1.0,0.0,0.0));
#5604=DIRECTION('',(0.0,1.0,0.0));
#5605=DIRECTION('',(0.0,-1.0,0.0));
#5606=DIRECTION('',(0.0,-0.899183975394999,0.4375707695823));
#5607=DIRECTION('',(0.0,-0.968379481103831,-0.249481824141708));
#5608=DIRECTION('',(0.0,-1.0,0.0));
#5609=DIRECTION('',(0.0,0.0,-1.0));
#5610=DIRECTION('',(0.0,1.0,0.0));
#5611=DIRECTION('',(0.0,0.968379481103831,0.249481824141708));
#5612=DIRECTION('',(0.0,0.899183975394999,-0.4375707695823));
#5613=DIRECTION('',(0.0,0.999999837213318,-0.00057059034179111));
#5614=CARTESIAN_POINT('',(3.225,1.7,0.37));
#5615=DIRECTION('',(1.0,0.0,0.0));
#5616=DIRECTION('',(0.0,0.0,-1.0));
#5617=DIRECTION('',(0.0,0.0,1.0));
#5618=DIRECTION('',(1.0,0.0,0.0));
#5619=DIRECTION('',(1.0,0.0,0.0));
#5620=DIRECTION('',(1.0,0.0,0.0));
#5621=DIRECTION('',(1.0,0.0,0.0));
#5622=DIRECTION('',(1.0,0.0,0.0));
#5623=DIRECTION('',(1.0,0.0,0.0));
#5624=DIRECTION('',(1.0,0.0,0.0));
#5625=DIRECTION('',(1.0,0.0,0.0));
#5626=DIRECTION('',(1.0,0.0,0.0));
#5627=DIRECTION('',(1.0,0.0,0.0));
#5628=DIRECTION('',(1.0,0.0,0.0));
#5629=DIRECTION('',(1.0,0.0,0.0));
#5630=DIRECTION('',(1.0,0.0,0.0));
#5631=DIRECTION('',(1.0,0.0,0.0));
#5632=DIRECTION('',(0.0,0.0,-1.0));
#5633=DIRECTION('',(0.0,0.477428712404703,0.878670486912806));
#5634=CARTESIAN_POINT('',(3.775,2.45,6.15));
#5635=DIRECTION('',(1.0,0.0,0.0));
#5636=DIRECTION('',(0.0,1.0,0.0));
#5637=DIRECTION('',(0.0,0.0,1.0));
#5638=DIRECTION('',(0.0,0.0,-1.0));
#5639=CARTESIAN_POINT('',(3.775,2.45,6.15));
#5640=DIRECTION('',(1.0,0.0,0.0));
#5641=DIRECTION('',(0.0,1.0,-6.750155989721E-14));
#5642=DIRECTION('',(0.0,0.477428712404584,0.878670486912871));
#5643=DIRECTION('',(0.0,0.0,1.0));
#5644=DIRECTION('',(0.0,0.477428712404584,0.878670486912871));
#5645=CARTESIAN_POINT('',(4.225,2.45,6.15));
#5646=DIRECTION('',(1.0,0.0,0.0));
#5647=DIRECTION('',(0.0,1.0,-6.750155989721E-14));
#5648=DIRECTION('',(0.0,0.0,-1.0));
#5649=CARTESIAN_POINT('',(4.225,2.45,6.15));
#5650=DIRECTION('',(1.0,0.0,0.0));
#5651=DIRECTION('',(0.0,1.0,0.0));
#5652=DIRECTION('',(0.0,0.477428712404703,0.878670486912806));
#5653=DIRECTION('',(0.0,0.0,-1.0));
#5654=DIRECTION('',(1.0,0.0,0.0));
#5655=DIRECTION('',(0.0,0.477428712404584,0.878670486912871));
#5656=DIRECTION('',(1.0,0.0,0.0));
#5657=DIRECTION('',(0.0,0.878670486912871,-0.477428712404584));
#5658=DIRECTION('',(1.0,0.0,0.0));
#5659=DIRECTION('',(0.0,0.166319683750295,-0.986071885207768));
#5660=DIRECTION('',(1.0,0.0,0.0));
#5661=CARTESIAN_POINT('',(4.225,1.306523342183,4.673886030759));
#5662=DIRECTION('',(1.0,0.0,0.0));
#5663=DIRECTION('',(0.0,-0.878670486912848,0.477428712404626));
#5664=DIRECTION('',(1.0,0.0,0.0));
#5665=DIRECTION('',(0.0,-0.477428712404584,-0.878670486912871));
#5666=DIRECTION('',(1.0,0.0,0.0));
#5667=DIRECTION('',(0.0,-1.0,0.0));
#5668=DIRECTION('',(0.0,-0.894427190999896,-0.447213595499998));
#5669=DIRECTION('',(0.0,-0.966705227861507,0.255892560316302));
#5670=DIRECTION('',(0.0,-1.0,0.0));
#5671=DIRECTION('',(0.0,0.0,-1.0));
#5672=DIRECTION('',(0.0,1.0,0.0));
#5673=DIRECTION('',(0.0,0.966705227861507,-0.255892560316302));
#5674=DIRECTION('',(0.0,0.894427190999896,0.447213595499998));
#5675=DIRECTION('',(0.0,1.0,0.0));
#5676=DIRECTION('',(1.0,0.0,0.0));
#5677=DIRECTION('',(1.0,0.0,0.0));
#5678=DIRECTION('',(1.0,0.0,0.0));
#5679=DIRECTION('',(1.0,0.0,0.0));
#5680=DIRECTION('',(1.0,0.0,0.0));
#5681=DIRECTION('',(1.0,0.0,0.0));
#5682=DIRECTION('',(1.0,0.0,0.0));
#5683=DIRECTION('',(1.0,0.0,0.0));
ENDSEC;
END-ISO-10303-21;
